USE library_CA1_GroupE;

SET FOREIGN_KEY_CHECKS = 0;

-- fabricate-flush
DELETE FROM `ADDRESSES`;

-- fabricate-flush
ALTER TABLE `ADDRESSES` AUTO_INCREMENT = 1;

-- fabricate-flush
DELETE FROM `AUTHORS`;

-- fabricate-flush
ALTER TABLE `AUTHORS` AUTO_INCREMENT = 1;

-- fabricate-flush
DELETE FROM `BOOKS`;

-- fabricate-flush
ALTER TABLE `BOOKS` AUTO_INCREMENT = 1;

-- fabricate-flush
DELETE FROM `BOOKS_STATUS`;

-- fabricate-flush
ALTER TABLE `BOOKS_STATUS` AUTO_INCREMENT = 1;

-- fabricate-flush
DELETE FROM `BOOK_COPIES`;

-- fabricate-flush
ALTER TABLE `BOOK_COPIES` AUTO_INCREMENT = 1;

-- fabricate-flush
DELETE FROM `BOOK_LOCATION`;

-- fabricate-flush
ALTER TABLE `BOOK_LOCATION` AUTO_INCREMENT = 1;

-- fabricate-flush
DELETE FROM `CONDITIONS`;

-- fabricate-flush
ALTER TABLE `CONDITIONS` AUTO_INCREMENT = 1;

-- fabricate-flush
DELETE FROM `CONTACTS`;

-- fabricate-flush
ALTER TABLE `CONTACTS` AUTO_INCREMENT = 1;

-- fabricate-flush
DELETE FROM `CUSTOMERS`;

-- fabricate-flush
ALTER TABLE `CUSTOMERS` AUTO_INCREMENT = 1;

-- fabricate-flush
DELETE FROM `DEPARTMENTS`;

-- fabricate-flush
ALTER TABLE `DEPARTMENTS` AUTO_INCREMENT = 1;

-- fabricate-flush
DELETE FROM `DEVICES`;

-- fabricate-flush
ALTER TABLE `DEVICES` AUTO_INCREMENT = 1;

-- fabricate-flush
DELETE FROM `DEVICE_STATUS`;

-- fabricate-flush
ALTER TABLE `DEVICE_STATUS` AUTO_INCREMENT = 1;

-- fabricate-flush
DELETE FROM `FINES`;

-- fabricate-flush
ALTER TABLE `FINES` AUTO_INCREMENT = 1;

-- fabricate-flush
DELETE FROM `GENRES`;

-- fabricate-flush
ALTER TABLE `GENRES` AUTO_INCREMENT = 1;

-- fabricate-flush
DELETE FROM `LANGUAGES`;

-- fabricate-flush
ALTER TABLE `LANGUAGES` AUTO_INCREMENT = 1;

-- fabricate-flush
DELETE FROM `LOANS`;

-- fabricate-flush
ALTER TABLE `LOANS` AUTO_INCREMENT = 1;

-- fabricate-flush
DELETE FROM `PUBLISHERS`;

-- fabricate-flush
ALTER TABLE `PUBLISHERS` AUTO_INCREMENT = 1;

-- fabricate-flush
DELETE FROM `ROOMS`;

-- fabricate-flush
ALTER TABLE `ROOMS` AUTO_INCREMENT = 1;

-- fabricate-flush
DELETE FROM `ROOM_RESERVATIONS`;

-- fabricate-flush
ALTER TABLE `ROOM_RESERVATIONS` AUTO_INCREMENT = 1;

-- fabricate-flush
DELETE FROM `STAFF_HR`;

-- fabricate-flush
ALTER TABLE `STAFF_HR` AUTO_INCREMENT = 1;

-- fabricate-flush
DELETE FROM `STAFF_INFO`;

-- fabricate-flush
ALTER TABLE `STAFF_INFO` AUTO_INCREMENT = 1;

-- fabricate-flush
DELETE FROM `STATUSES`;

-- fabricate-flush
ALTER TABLE `STATUSES` AUTO_INCREMENT = 1;

-- fabricate-flush
DELETE FROM `SUPPLIERS`;

-- fabricate-flush
ALTER TABLE `SUPPLIERS` AUTO_INCREMENT = 1;

-- fabricate-flush
DELETE FROM `WAITLIST`;

-- fabricate-flush
ALTER TABLE `WAITLIST` AUTO_INCREMENT = 1;

-- fabricate-flush


INSERT INTO `ADDRESSES` (`staff_id`, `eircode`, `street`, `city`, `county`, `house_apt_no`) VALUES
(1, 'R95 TTCN', 'Clare Street', 'Kilkenny', 'Kilkenny', 10),
(2, 'D08 J6OH', 'Macken Street', 'Dublin', 'Dublin', 42),
(3, 'R95 Q3SC', 'Christchurch Place', 'Kilkenny', 'Kilkenny', 68),
(4, 'D02 R8IW', 'Kilmainham Lane', 'Dublin', 'Dublin', 122),
(5, 'K67 ZJLW', 'Cathedral Street', 'Swords', 'Dublin', 141),
(6, 'A91 CKT6', 'Usher''s Quay', 'Dundalk', 'Louth', 115),
(7, 'Y35 9YB2', 'Irishtown Road', 'Wexford', 'Wexford', 139),
(8, 'K67 HGJ0', 'Malahide Road', 'Swords', 'Dublin', 81),
(9, 'D24 D2HF', 'Leeson Street', 'Dublin', 'Dublin', 70),
(10, 'D11 3XCB', 'Clontarf Road', 'Dublin', 'Dublin', 73),
(11, 'F91 NZ74', 'Drury Street', 'Sligo', 'Sligo', 137),
(12, 'A92 YE9Q', 'Dublin Road', 'Drogheda', 'Louth', 30),
(13, 'D02 ZN1M', 'Sráid Grafton', 'Dublin', 'Dublin', 78),
(14, 'R95 H4DV', 'South Great George''s Street', 'Kilkenny', 'Kilkenny', 145),
(15, 'A92 UCDQ', 'Werburgh Street', 'Drogheda', 'Louth', 9),
(16, 'D15 0M0D', 'Dawson Street', 'Dublin', 'Dublin', 19),
(17, 'K67 DQRJ', 'Watling Street', 'Swords', 'Dublin', 29),
(18, 'V92 O5VP', 'Victoria Quay', 'Tralee', 'Kerry', 116),
(19, 'D6W R5J2', 'Abbey Street', 'Dublin', 'Dublin', 138),
(20, 'D15 N2H4', 'Fairview Strand', 'Dublin', 'Dublin', 17),
(21, 'R95 LO34', 'Molesworth Street', 'Kilkenny', 'Kilkenny', 5),
(22, 'K67 LMNI', 'Main Street', 'Swords', 'Dublin', 71),
(23, 'A92 KAM5', 'Chapelizod Road', 'Drogheda', 'Louth', 129),
(24, 'F91 4GXR', 'Baggot Street', 'Sligo', 'Sligo', 37),
(25, 'F91 9FJR', 'Sean MacDermott Street', 'Sligo', 'Sligo', 135),
(26, 'D06 WQBJ', 'Terenure Road', 'Dublin', 'Dublin', 107),
(27, 'F92 43TQ', 'Wolfe Tone Quay', 'Letterkenny', 'Donegal', 98),
(28, 'K67 3NHP', 'Buckingham Street', 'Swords', 'Dublin', 53),
(29, 'C15 SNX1', 'Bóthar Buí', 'Navan', 'Meath', 72),
(30, 'A91 ZGP2', 'O''Connell Street', 'Dundalk', 'Louth', 140),
(31, 'V94 P0N4', 'Cabra Road', 'Limerick', 'Limerick', 106),
(32, 'D01 9LY6', 'Sráid Uí Chonaill', 'Dublin', 'Dublin', 65),
(33, 'R95 XD82', 'Swords Road', 'Kilkenny', 'Kilkenny', 149),
(34, 'H91 YP9W', 'Ringsend Road', 'Galway', 'Galway', 17),
(35, 'K67 MRB7', 'Ballybough Road', 'Swords', 'Dublin', 129),
(36, 'K67 H2YL', 'Crumlin Road', 'Swords', 'Dublin', 64),
(37, 'D16 XUT7', 'Westland Row', 'Dublin', 'Dublin', 110),
(38, 'F91 HVPY', 'Glasnevin Road', 'Sligo', 'Sligo', 72),
(39, 'D15 84F7', 'Dolphin''s Barn', 'Dublin', 'Dublin', 104),
(40, 'A91 VPET', 'Navan Road', 'Dundalk', 'Louth', 123),
(41, 'C15 72R6', 'Bóthar na Trá', 'Navan', 'Meath', 67),
(42, 'D22 HGTQ', 'Guild Street', 'Dublin', 'Dublin', 78),
(43, 'A92 FHW1', 'Poplar Row', 'Drogheda', 'Louth', 86),
(44, 'K67 ROMF', 'Bride Street', 'Swords', 'Dublin', 14),
(45, 'Y35 UB2U', 'Seville Place', 'Wexford', 'Wexford', 99),
(46, 'D20 BQH6', 'Kildare Street', 'Dublin', 'Dublin', 2),
(47, 'V95 CJ65', 'North Wall Quay', 'Ennis', 'Clare', 135),
(48, 'T12 KD08', 'Bóthar na Naomh', 'Cork', 'Cork', 130),
(49, 'K67 QVTL', 'Manor Street', 'Swords', 'Dublin', 3),
(50, 'A92 ITDK', 'Ballymun Road', 'Drogheda', 'Louth', 128);


-- fabricate-flush


INSERT INTO `AUTHORS` (`author_id`, `author_name`, `publisher_id`) VALUES
(1, 'Mahamoud Wanefiolo', 4),
(2, 'Suad Seck', 29),
(3, 'Hannah Hasan', 38),
(4, 'Katrina Andersen', 9),
(5, 'Tatiana Pierre-Louis', 37),
(6, 'Lucy El Mostafa', 15),
(7, 'Olga Kadlec', 11),
(8, 'Laura Murray', 26),
(9, 'Jacqueline Dorsainvil', 18),
(10, 'Faduma Al-Karkhi', 13),
(11, 'Salman Holmdahl', 15),
(12, 'Kathleen Al Kindi', 6),
(13, 'Bassem Dini', 32),
(14, 'Roberto Lo', 23),
(15, 'Micheline Noguchi', 40),
(16, 'Christopher Akbar', 30),
(17, 'Zulmira Murphy', 37),
(18, 'Ismail Dun', 7),
(19, 'Moritz Janda', 11),
(20, 'Tummas Sanchez', 38),
(21, 'Sanela Manglona', 2),
(22, 'Ánh Zabian', 1),
(23, 'Robert de Bruijn', 7),
(24, 'Rudakubana Fowler', 26),
(25, 'Matilde Gibreel', 23),
(26, 'Patricia Mba', 9),
(27, 'Yokasta Ergün', 19),
(28, 'Oualid Jurić', 4),
(29, 'Mohsen Murphy', 33),
(30, 'Catalina Laaksonen', 35),
(31, 'Daniel Org', 8),
(32, 'Lorena Fisher', 24),
(33, 'Zaida Mtara', 23),
(34, 'Piumi Makindu', 5),
(35, 'Ulises Banel', 16),
(36, 'Leilei Ali', 5),
(37, 'Martine Encarnación', 11),
(38, 'Karim Al-Junaid', 2),
(39, 'Linda Haggar', 6),
(40, 'Natsumi Mezghani', 12),
(41, 'Élodie Frimpong', 21),
(42, 'Jennifer Amayreh', 27),
(43, 'Joop Muller', 15),
(44, 'Nelu Smajlović', 1),
(45, 'Hélène Mitchell', 15),
(46, 'Michelle Valdés', 27),
(47, 'Jair Thompson', 14),
(48, 'Donna Clayton', 38),
(49, 'Khelef Serra', 14),
(50, 'Emilia Mroivili', 22),
(51, 'Óscar Awale', 1),
(52, 'Sengdao Opopol', 22),
(53, 'Fantu Rafael', 24),
(54, 'Inge Belle', 34),
(55, 'Kavita Ramsey', 29),
(56, 'Shui Morris', 8),
(57, 'Nora Kato', 36),
(58, 'Sasho Dimitriadis', 16),
(59, 'Peniamina Leiva', 29),
(60, 'Khin San Gono', 17),
(61, 'Ana Osman', 36),
(62, 'Rommel André', 14),
(63, 'Zorig Aguilar', 8),
(64, 'Teheiura Hunter', 9),
(65, 'Arif Baldursson', 36),
(66, 'Masengo Mendoza', 33),
(67, 'Yaritza Salazar', 24),
(68, 'Latai Vidal', 11),
(69, 'Catalina Camilleri', 33),
(70, 'Raymond Dufau', 36),
(71, 'Zoya Fras', 37),
(72, 'Salomão Ghafoor', 39),
(73, 'Shams Furniss', 30),
(74, 'Frank Dhahab', 5),
(75, 'Rosa Zabala', 15),
(76, 'Maisa Boicu', 2),
(77, 'Dina Mvula', 29),
(78, 'Juliette Nelesone', 25),
(79, 'Sarah Reyes', 24),
(80, 'Yung Andreescu', 7),
(81, 'Thomas Emmanuel', 4),
(82, 'Laure Al-Fouzan', 1),
(83, 'Chaibou Mammadli', 20),
(84, 'Naima Al-Harrasi', 31),
(85, 'Toms Bryant', 39),
(86, 'Khadija Wong', 33),
(87, 'Alexandre Loeak', 34),
(88, 'Elena Thompson', 33),
(89, 'Bryan Mulder', 32),
(90, 'Suriati Moukala', 3),
(91, 'Gisoo Perrée', 22),
(92, 'Felix Girma', 15),
(93, 'Alba Raharolahy', 5),
(94, 'Carolyn Hassan', 10),
(95, 'Roza Baron', 31),
(96, 'Lama Falemaa', 24),
(97, 'Fríða Na Walna', 28),
(98, 'Rosa Noor', 27),
(99, 'Aaron Ye', 25),
(100, 'Blanca Long', 16),
(101, 'Czesław Castro', 12),
(102, 'Qiuyun Mansoor', 3),
(103, 'Adesina Cook', 34),
(104, 'Mostafa Gobert', 36),
(105, 'Guadalupe Pardo', 25),
(106, 'Katsuya Wilson', 4),
(107, 'Antonia Bachir', 34),
(108, 'Tsegereda Lourenco', 11),
(109, 'Renata Zawadzki', 16),
(110, 'Kevin Badolo', 32),
(111, 'Rebecca Karavelioğlu', 32),
(112, 'Gjergj Moreno', 8),
(113, 'Hatice Rampedi', 23),
(114, 'Mauricio Arthur', 34),
(115, 'Pearl Jouany', 25),
(116, 'Cecil Casali', 28),
(117, 'Namatovu Torres', 21),
(118, 'Mohammed Al-Ghamdi', 13),
(119, 'Renato Jaffri', 17),
(120, 'Édgar Asaad', 36),
(121, 'Malik Zhu', 14),
(122, 'Siiri Harmon', 17),
(123, 'Adrian Yap', 38),
(124, 'Nella Al-Hashim', 33),
(125, 'Pita Hudournik', 11),
(126, 'Mohammed Miura', 40),
(127, 'Yaa Marie', 30),
(128, 'Obadiah Van den Berg', 22),
(129, 'Nubia Sousa', 25),
(130, 'Raghav Guerrero', 14),
(131, 'Dennis Elrayah', 26),
(132, 'Mbatha Liuvaie', 40),
(133, 'Jerónimo Moreno', 39),
(134, 'Carlos Cohen', 25),
(135, 'Zakariya Shavgulidze', 34),
(136, 'Rodolfo Miabeto', 3),
(137, 'Harry Galea', 1),
(138, 'Ghassan Carmi', 28),
(139, 'Ettien Kamano', 20),
(140, 'James Unutoa', 26),
(141, 'Anthony Nabiyev', 9),
(142, 'George Benelbas', 37),
(143, 'Ha-young Maritim', 21),
(144, 'Joyce Backman', 30),
(145, 'Samuel Nur', 34),
(146, 'Ablavi Rambarran', 11),
(147, 'Rita Esquivel', 27),
(148, 'Keletso Hamid', 27),
(149, 'Lama Fenuafala', 24),
(150, 'Chomba Rosli', 7);


-- fabricate-flush


INSERT INTO `BOOKS` (`isbn`, `book_name`, `edition`, `language_id`, `published_date`, `publisher_id`, `author_id`, `genre_id`) VALUES
('9781000000000', 'The Midnight Library', '1st Edition', 1, 2011, 40, 73, 1),
('9781000000001', 'Where the River Bends', '2nd Edition', 1, 1962, 13, 80, 1),
('9781000000002', 'The Echoes We Leave Behind', 'Hardcover', 11, 2005, 28, 77, 1),
('9781000000003', 'Fragments of a Forgotten Summer', '3rd Edition', 1, 2003, 4, 80, 1),
('9781000000004', 'The Weight of Small Moments', 'Revised Edition', 1, 2008, 1, 144, 1),
('9781000000005', 'Beneath the Amber Sky', '1st Edition', 1, 2005, 17, 13, 1),
('9781000000006', 'The Last Letter Home', 'Revised Edition', 1, 2012, 1, 85, 1),
('9781000000007', 'When Silence Speaks Louder', 'Revised Edition', 1, 1996, 1, 59, 1),
('9781000000008', 'The Garden of Second Chances', '1st Edition', 1, 1977, 3, 5, 1),
('9781000000009', 'The Midnight Syndicate', '3rd Edition', 1, 2019, 8, 96, 2),
('9781000000010', 'Echoes of Forgotten Dreams', '2nd Edition', 1, 1992, 6, 94, 2),
('9781000000011', 'The Crimson Cipher', '3rd Edition', 1, 2018, 17, 36, 2),
('9781000000012', 'Shadows in the Archive', 'Hardcover', 4, 2007, 37, 74, 2),
('9781000000013', 'The Forgotten Protocol', 'Hardcover', 1, 2016, 32, 117, 2),
('9781000000014', 'Whispers Beyond the Veil', '1st Edition', 1, 2010, 36, 10, 2),
('9781000000015', 'The Last Testament', '1st Edition', 8, 1969, 15, 141, 2),
('9781000000016', 'Burning Secrets', 'Paperback', 1, 2014, 31, 30, 2),
('9781000000017', 'The Hollow Crown', '3rd Edition', 1, 1964, 6, 59, 2),
('9781000000018', 'The Midnight Garden', 'Paperback', 1, 2009, 10, 22, 3),
('9781000000019', 'Echoes of Tomorrow', 'Hardcover', 1, 2009, 22, 76, 3),
('9781000000020', 'The Silent Archive', '3rd Edition', 1, 2013, 39, 5, 3),
('9781000000021', 'Fractured Skies', 'Paperback', 5, 2015, 21, 41, 3),
('9781000000022', 'The Forgotten Coast', 'Hardcover', 1, 2010, 3, 84, 3),
('9781000000023', 'Whispers in the Void', '3rd Edition', 10, 2006, 37, 16, 3),
('9781000000024', 'The Amber Compass', 'Paperback', 1, 1976, 21, 63, 3),
('9781000000025', 'Lost Meridian', 'Paperback', 1, 2016, 27, 70, 3),
('9781000000026', 'The Crown of Ashes', 'Paperback', 1, 2015, 14, 147, 3),
('9781000000027', 'The Midnight Archive', 'Paperback', 1, 2006, 35, 33, 4),
('9781000000028', 'Echoes of Tomorrow', 'Hardcover', 1, 2010, 11, 77, 4),
('9781000000029', 'The Silent Witness', 'Hardcover', 1, 2023, 17, 63, 4),
('9781000000030', 'Beneath the Amber Sky', '3rd Edition', 1, 2000, 13, 5, 4),
('9781000000031', 'The Forgotten Key', 'Paperback', 1, 2012, 18, 70, 4),
('9781000000032', 'Shadows in Starlight', 'Paperback', 1, 2018, 22, 97, 4),
('9781000000033', 'The Last Station', 'Revised Edition', 9, 2009, 7, 47, 4),
('9781000000034', 'Where Dreams Converge', 'Paperback', 1, 2007, 38, 28, 4),
('9781000000035', 'The Cipher Garden', '2nd Edition', 1, 2014, 20, 59, 4),
('9781000000036', 'The Midnight Garden', 'Paperback', 1, 1990, 22, 13, 5),
('9781000000037', 'Echoes of Tomorrow', '3rd Edition', 13, 2017, 40, 14, 5),
('9781000000038', 'The Last Lighthouse Keeper', '2nd Edition', 1, 2022, 25, 110, 5),
('9781000000039', 'Whispers in the Autumn Wind', 'Revised Edition', 1, 2010, 22, 46, 5),
('9781000000040', 'The Cartographer''s Daughter', '2nd Edition', 11, 2020, 9, 51, 5),
('9781000000041', 'Salt and Starlight', '2nd Edition', 1, 2009, 20, 105, 5),
('9781000000042', 'The Forgotten Library', '3rd Edition', 1, 2021, 4, 16, 5),
('9781000000043', 'Where the River Bends', '3rd Edition', 1, 2009, 16, 139, 5),
('9781000000044', 'The Keeper of Old Souls', '3rd Edition', 1, 2013, 9, 91, 5),
('9781000000045', 'The Midnight Architect', '2nd Edition', 1, 2001, 27, 72, 6),
('9781000000046', 'Echoes of Yesterday', 'Hardcover', 13, 2021, 27, 40, 6),
('9781000000047', 'The Last Cartographer', 'Revised Edition', 4, 2000, 20, 135, 6),
('9781000000048', 'Fractured Meridians', '1st Edition', 1, 2007, 36, 19, 6),
('9781000000049', 'Where Shadows Converge', '3rd Edition', 1, 2012, 17, 77, 6),
('9781000000050', 'The Unwritten Distance', '3rd Edition', 1, 2017, 28, 24, 6),
('9781000000051', 'Painted Silhouettes', 'Paperback', 1, 2011, 24, 72, 6),
('9781000000052', 'The Garden of Lost Names', 'Revised Edition', 1, 2012, 33, 18, 6),
('9781000000053', 'Crimson Threshold', '3rd Edition', 12, 2012, 29, 56, 6),
('9781000000054', 'The Midnight Library', 'Revised Edition', 1, 2016, 35, 3, 7),
('9781000000055', 'Where the Crawdads Sing', '3rd Edition', 1, 2000, 3, 122, 7),
('9781000000056', 'The Seven Husbands of Evelyn Hugo', '1st Edition', 1, 2022, 17, 3, 7),
('9781000000057', 'A Deadly Education', 'Hardcover', 1, 1956, 19, 94, 7),
('9781000000058', 'The Song of Achilles', 'Revised Edition', 1, 2022, 31, 31, 7),
('9781000000059', 'Circe''s Daughter', 'Paperback', 1, 1986, 12, 94, 7),
('9781000000060', 'The Invisible Life of Addie LaRue', '3rd Edition', 1, 2013, 17, 114, 7),
('9781000000061', 'The Silent Patient', '3rd Edition', 10, 1989, 40, 112, 7),
('9781000000062', 'Remarkably Bright', 'Paperback', 1, 2012, 37, 47, 7),
('9781000000063', 'The Midnight Archive', 'Hardcover', 1, 2000, 35, 86, 8),
('9781000000064', 'Echoes of Tomorrow', '3rd Edition', 6, 2008, 25, 79, 8),
('9781000000065', 'The Cartographer''s Daughter', '2nd Edition', 1, 2008, 23, 47, 8),
('9781000000066', 'Beneath the Crimson Sky', '2nd Edition', 1, 2025, 38, 77, 8),
('9781000000067', 'The Last Station', 'Hardcover', 1, 2018, 19, 90, 8),
('9781000000068', 'Whispers in the Ruins', '1st Edition', 1, 2005, 24, 122, 8),
('9781000000069', 'The Forgotten Ledger', '1st Edition', 1, 2013, 2, 108, 8),
('9781000000070', 'When Shadows Dance', 'Revised Edition', 1, 2013, 16, 10, 8),
('9781000000071', 'The Midnight Archive', '1st Edition', 2, 1953, 2, 113, 9),
('9781000000072', 'Echoes of Tomorrow', 'Revised Edition', 14, 2015, 25, 85, 9),
('9781000000073', 'The Forgotten Key', 'Revised Edition', 1, 2004, 14, 63, 9),
('9781000000074', 'Shadows in the Glass', '3rd Edition', 1, 2005, 19, 1, 9),
('9781000000075', 'The Last Lighthouse', '2nd Edition', 1, 2004, 34, 143, 9),
('9781000000076', 'Whispers Across Time', 'Hardcover', 1, 2012, 38, 105, 9),
('9781000000077', 'The Crimson Thread', '1st Edition', 1, 2007, 27, 39, 9),
('9781000000078', 'Where the Rivers Remember', '3rd Edition', 1, 1982, 9, 25, 9),
('9781000000079', 'The Midnight Library', '1st Edition', 1, 1992, 3, 58, 10),
('9781000000080', 'Echoes of Tomorrow', 'Revised Edition', 1, 2018, 32, 71, 10),
('9781000000081', 'The Forgotten Atlas', '2nd Edition', 1, 2023, 39, 81, 10),
('9781000000082', 'Shadows in the Archive', 'Hardcover', 9, 1993, 30, 150, 10),
('9781000000083', 'The Cartographer''s Daughter', '3rd Edition', 14, 2013, 25, 12, 10),
('9781000000084', 'Whispers Beyond the Wall', 'Revised Edition', 1, 2019, 28, 107, 10),
('9781000000085', 'The Last Astronomer', '3rd Edition', 1, 2012, 3, 139, 10),
('9781000000086', 'Kingdom of Dust and Stars', 'Hardcover', 1, 2017, 10, 6, 10),
('9781000000087', 'The Last Station', '1st Edition', 10, 2014, 35, 31, 11),
('9781000000088', 'Beneath the Iron Sky', '1st Edition', 1, 2009, 5, 36, 11),
('9781000000089', 'Echoes of Tomorrow', 'Revised Edition', 1, 2009, 31, 110, 11),
('9781000000090', 'The Cartographer''s Daughter', 'Paperback', 1, 2018, 17, 37, 11),
('9781000000091', 'Midnight in the Archive', 'Paperback', 1, 2003, 6, 110, 11),
('9781000000092', 'The Fallout Protocol', '1st Edition', 1, 2004, 18, 85, 11),
('9781000000093', 'Where the Rivers End', 'Revised Edition', 1, 2012, 6, 78, 11),
('9781000000094', 'Shadows of the Fold', '1st Edition', 1, 1951, 7, 41, 11),
('9781000000095', 'The Last Testament', '1st Edition', 1, 2017, 23, 42, 12),
('9781000000096', 'Echoes of Tomorrow', '1st Edition', 6, 2018, 1, 7, 12),
('9781000000097', 'The Crimson Thread', 'Revised Edition', 2, 2018, 38, 105, 12),
('9781000000098', 'Beyond the Veil', 'Revised Edition', 1, 2016, 33, 64, 12),
('9781000000099', 'The Forgotten Archive', 'Hardcover', 1, 2017, 12, 42, 12),
('9781000000100', 'Whispers in the Dark', '3rd Edition', 1, 2012, 15, 50, 12),
('9781000000101', 'The Iron Compass', 'Revised Edition', 1, 1980, 22, 93, 12),
('9781000000102', 'Seasons of Change', 'Paperback', 1, 2004, 6, 66, 12),
('9781000000103', 'The Last Thirteen', '1st Edition', 1, 2004, 11, 128, 13),
('9781000000104', 'Thirteen Reasons Why', '3rd Edition', 1, 2024, 1, 138, 13),
('9781000000105', 'House of Thirteen Doors', '3rd Edition', 1, 2004, 36, 9, 13),
('9781000000106', 'The Thirteenth Hour', 'Paperback', 1, 2002, 7, 65, 13),
('9781000000107', 'Thirteen Shadows', '3rd Edition', 1, 2023, 4, 47, 13),
('9781000000108', 'Circle of Thirteen', '3rd Edition', 1, 1957, 9, 91, 13),
('9781000000109', 'The Thirteen Keys', '1st Edition', 1, 2013, 33, 60, 13),
('9781000000110', 'Unlucky Thirteen', '1st Edition', 5, 2024, 6, 34, 13),
('9781000000111', 'The Midnight Library', 'Paperback', 1, 2015, 8, 148, 14),
('9781000000112', 'A Brief History of Time', 'Hardcover', 1, 2015, 20, 82, 14),
('9781000000113', 'The Silent Patient', 'Paperback', 1, 2025, 17, 34, 14),
('9781000000114', 'Educated', '1st Edition', 1, 2009, 5, 99, 14),
('9781000000115', 'The Midnight Mercy', 'Paperback', 1, 2001, 10, 59, 14),
('9781000000116', 'Letters from an Invisible Woman', '3rd Edition', 1, 2014, 30, 129, 14),
('9781000000117', 'The Last Archive', 'Revised Edition', 2, 2009, 9, 108, 14),
('9781000000118', 'Echoes of Forgotten Souls', 'Hardcover', 1, 2015, 27, 60, 14),
('9781000000119', 'The Midnight Archive', '3rd Edition', 1, 2013, 18, 36, 15),
('9781000000120', 'Echoes of Tomorrow', 'Hardcover', 1, 2020, 24, 67, 15),
('9781000000121', 'The Forgotten Garden', '1st Edition', 1, 2001, 23, 74, 15),
('9781000000122', 'Whispers in the Dark', '1st Edition', 1, 2021, 24, 66, 15),
('9781000000123', 'The Last Station', 'Paperback', 1, 1996, 34, 98, 15),
('9781000000124', 'Beneath the Surface', '2nd Edition', 1, 2013, 30, 82, 15),
('9781000000125', 'The Wanderer''s Return', '3rd Edition', 1, 2003, 13, 39, 15),
('9781000000126', 'Shadows of Yesterday', '1st Edition', 1, 2012, 2, 135, 15),
('9781000000127', 'The Midnight Library', 'Hardcover', 1, 2022, 34, 124, 16),
('9781000000128', 'Echoes of Tomorrow', '2nd Edition', 1, 2012, 40, 126, 16),
('9781000000129', 'The Last Archive', '2nd Edition', 1, 2004, 14, 4, 16),
('9781000000130', 'Fractured Memories', '3rd Edition', 13, 2023, 21, 146, 16),
('9781000000131', 'The Silent Accord', '1st Edition', 1, 2020, 5, 57, 16),
('9781000000132', 'Burning Compass', '3rd Edition', 1, 2018, 20, 91, 16),
('9781000000133', 'The Threshold Between', 'Hardcover', 1, 2009, 23, 62, 16),
('9781000000134', 'Whispers in the Void', 'Revised Edition', 1, 1966, 16, 99, 16),
('9781000000135', 'The Midnight Library', 'Hardcover', 1, 1954, 4, 18, 17),
('9781000000136', 'Where the Crawdads Sing', 'Revised Edition', 1, 2003, 37, 94, 17),
('9781000000137', 'The Seven Husbands of Evelyn Hugo', '2nd Edition', 1, 2019, 35, 63, 17),
('9781000000138', 'Lessons in Chemistry', '2nd Edition', 1, 2001, 21, 84, 17),
('9781000000139', 'The Atlas Six', 'Hardcover', 3, 2023, 36, 6, 17),
('9781000000140', 'Remarkably Bright', '1st Edition', 1, 2020, 16, 49, 17),
('9781000000141', 'Piranesi', 'Paperback', 1, 2014, 28, 26, 17),
('9781000000142', 'The Silent Patient', 'Hardcover', 1, 2023, 1, 74, 17),
('9781000000143', 'The Forgotten Age', 'Paperback', 1, 1990, 9, 88, 18),
('9781000000144', 'Coming of Crows', '1st Edition', 1, 2004, 36, 46, 18),
('9781000000145', 'Eighteen Moons', 'Revised Edition', 2, 2011, 28, 147, 18),
('9781000000146', 'The Last Summer Before', 'Revised Edition', 1, 2016, 35, 34, 18),
('9781000000147', 'Threshold of Tomorrow', '1st Edition', 1, 2010, 14, 114, 18),
('9781000000148', 'Borrowed Time', '3rd Edition', 1, 2000, 10, 36, 18),
('9781000000149', 'The Year We Changed', '2nd Edition', 1, 1961, 3, 18, 18);


-- fabricate-flush


INSERT INTO `BOOKS_STATUS` (`book_id`, `status_id`, `condition_id`, `loc_id`) VALUES
(1, 4, 2, 12),
(2, 1, 5, 21),
(3, 1, 2, 7),
(4, 4, 5, 4),
(5, 1, 3, 18),
(6, 5, 2, 34),
(7, 1, 4, 19),
(8, 2, 4, 22),
(9, 1, 5, 6),
(10, 1, 5, 9),
(11, 1, 5, 35),
(12, 1, 1, 17),
(13, 2, 1, 17),
(14, 2, 2, 26),
(15, 1, 3, 19),
(16, 1, 4, 9),
(17, 1, 4, 34),
(18, 6, 2, 33),
(19, 1, 4, 8),
(20, 1, 2, 6),
(21, 1, 2, 9),
(22, 1, 2, 13),
(23, 1, 1, 33),
(24, 1, 1, 7),
(25, 1, 3, 29),
(26, 1, 4, 31),
(27, 1, 5, 3),
(28, 6, 3, 23),
(29, 1, 4, 7),
(30, 1, 2, 5),
(31, 4, 1, 34),
(32, 1, 1, 3),
(33, 1, 1, 30),
(34, 2, 3, 8),
(35, 1, 2, 14),
(36, 1, 1, 11),
(37, 1, 3, 2),
(38, 2, 4, 3),
(39, 1, 5, 4),
(40, 1, 4, 27),
(41, 3, 3, 36),
(42, 3, 1, 30),
(43, 3, 1, 16),
(44, 1, 5, 28),
(45, 3, 3, 34),
(46, 1, 5, 16),
(47, 1, 5, 13),
(48, 2, 2, 7),
(49, 1, 2, 24),
(50, 1, 5, 7),
(51, 2, 2, 27),
(52, 1, 2, 11),
(53, 1, 5, 30),
(54, 4, 1, 1),
(55, 2, 4, 17),
(56, 4, 1, 5),
(57, 1, 2, 35),
(58, 1, 5, 29),
(59, 3, 1, 8),
(60, 1, 1, 35),
(61, 1, 4, 22),
(62, 3, 5, 19),
(63, 1, 1, 17),
(64, 2, 2, 31),
(65, 2, 3, 16),
(66, 2, 4, 14),
(67, 1, 3, 28),
(68, 1, 4, 19),
(69, 1, 3, 33),
(70, 5, 3, 2),
(71, 1, 3, 36),
(72, 3, 3, 21),
(73, 3, 3, 21),
(74, 5, 3, 22),
(75, 1, 2, 2),
(76, 5, 1, 17),
(77, 1, 2, 5),
(78, 1, 4, 30),
(79, 1, 2, 16),
(80, 1, 3, 22),
(81, 1, 2, 35),
(82, 1, 3, 28),
(83, 5, 5, 33),
(84, 3, 3, 5),
(85, 2, 2, 7),
(86, 1, 4, 29),
(87, 1, 3, 28),
(88, 3, 4, 7),
(89, 1, 2, 12),
(90, 1, 1, 29),
(91, 1, 1, 14),
(92, 3, 1, 34),
(93, 3, 5, 5),
(94, 5, 3, 32),
(95, 1, 3, 13),
(96, 1, 2, 23),
(97, 1, 4, 27),
(98, 5, 4, 14),
(99, 1, 5, 23),
(100, 1, 4, 7),
(101, 1, 2, 7),
(102, 1, 2, 19),
(103, 2, 2, 22),
(104, 3, 1, 13),
(105, 2, 3, 12),
(106, 1, 2, 10),
(107, 1, 2, 33),
(108, 1, 2, 32),
(109, 1, 3, 35),
(110, 2, 1, 19),
(111, 1, 1, 24),
(112, 2, 5, 28),
(113, 2, 2, 18),
(114, 4, 3, 35),
(115, 2, 5, 20),
(116, 1, 3, 14),
(117, 1, 1, 6),
(118, 1, 5, 18),
(119, 1, 1, 23),
(120, 1, 3, 26),
(121, 1, 2, 29),
(122, 1, 1, 11),
(123, 1, 1, 27),
(124, 4, 4, 34),
(125, 1, 1, 15),
(126, 2, 4, 31),
(127, 1, 2, 8),
(128, 1, 3, 33),
(129, 1, 1, 9),
(130, 1, 3, 11),
(131, 1, 2, 9),
(132, 6, 4, 9),
(133, 1, 2, 28),
(134, 5, 1, 23),
(135, 1, 2, 3),
(136, 2, 3, 18),
(137, 1, 5, 7),
(138, 1, 2, 8),
(139, 1, 5, 21),
(140, 1, 2, 23),
(141, 1, 2, 3),
(142, 1, 5, 28),
(143, 2, 5, 14),
(144, 1, 5, 16),
(145, 1, 3, 12),
(146, 1, 5, 23),
(147, 1, 2, 8),
(148, 1, 4, 29),
(149, 1, 5, 3),
(150, 6, 4, 3),
(151, 1, 2, 4),
(152, 1, 2, 35),
(153, 1, 4, 16),
(154, 2, 3, 35),
(155, 1, 5, 17),
(156, 1, 2, 34),
(157, 4, 2, 2),
(158, 3, 5, 18),
(159, 5, 5, 4),
(160, 1, 3, 15),
(161, 3, 5, 34),
(162, 3, 4, 11),
(163, 1, 4, 6),
(164, 1, 2, 32),
(165, 3, 3, 10),
(166, 1, 1, 10),
(167, 1, 3, 36),
(168, 1, 5, 8),
(169, 1, 1, 5),
(170, 1, 2, 8),
(171, 1, 2, 2),
(172, 1, 3, 34),
(173, 6, 4, 11),
(174, 2, 1, 7),
(175, 1, 3, 19),
(176, 1, 4, 23),
(177, 1, 3, 28),
(178, 1, 2, 3),
(179, 5, 2, 18),
(180, 1, 4, 32),
(181, 5, 4, 17),
(182, 1, 2, 31),
(183, 3, 4, 27),
(184, 1, 5, 29),
(185, 2, 1, 25),
(186, 1, 1, 1),
(187, 1, 5, 17),
(188, 2, 2, 2),
(189, 2, 1, 30),
(190, 1, 5, 24),
(191, 3, 4, 6),
(192, 1, 5, 34),
(193, 5, 1, 1),
(194, 1, 3, 31),
(195, 1, 5, 6),
(196, 1, 4, 33),
(197, 2, 3, 30),
(198, 1, 3, 19),
(199, 6, 1, 2),
(200, 1, 3, 4),
(201, 1, 3, 22),
(202, 2, 2, 5),
(203, 1, 3, 20),
(204, 1, 4, 5),
(205, 1, 3, 17),
(206, 1, 5, 6),
(207, 1, 1, 24),
(208, 3, 3, 35),
(209, 1, 4, 10),
(210, 1, 2, 2),
(211, 4, 1, 19),
(212, 1, 2, 1),
(213, 2, 4, 34),
(214, 1, 3, 32),
(215, 1, 2, 16),
(216, 1, 1, 18),
(217, 5, 4, 21),
(218, 2, 2, 11),
(219, 2, 1, 8),
(220, 1, 4, 31),
(221, 4, 3, 20),
(222, 2, 5, 16),
(223, 1, 3, 11),
(224, 1, 3, 32),
(225, 1, 3, 14),
(226, 4, 3, 21),
(227, 1, 3, 36),
(228, 1, 5, 34),
(229, 1, 1, 6),
(230, 5, 4, 26),
(231, 3, 1, 11),
(232, 1, 3, 21),
(233, 2, 1, 32),
(234, 1, 3, 27),
(235, 2, 4, 16),
(236, 1, 5, 11),
(237, 1, 1, 21),
(238, 2, 3, 28),
(239, 1, 5, 16),
(240, 1, 4, 24),
(241, 1, 2, 13),
(242, 1, 5, 29),
(243, 1, 5, 5),
(244, 1, 4, 18),
(245, 1, 1, 21),
(246, 2, 1, 25),
(247, 1, 5, 3),
(248, 2, 4, 4),
(249, 1, 5, 23),
(250, 1, 1, 32),
(251, 1, 1, 32),
(252, 3, 5, 16),
(253, 2, 3, 6),
(254, 2, 3, 14),
(255, 1, 3, 10),
(256, 4, 2, 9),
(257, 1, 4, 5),
(258, 1, 2, 33),
(259, 1, 2, 33),
(260, 1, 4, 7),
(261, 2, 2, 27),
(262, 1, 5, 34),
(263, 2, 3, 10),
(264, 1, 5, 22),
(265, 1, 1, 3),
(266, 6, 1, 23),
(267, 1, 4, 24),
(268, 4, 4, 32),
(269, 2, 5, 28),
(270, 2, 1, 23),
(271, 1, 2, 10),
(272, 1, 4, 33),
(273, 1, 3, 24),
(274, 5, 1, 20),
(275, 1, 5, 28),
(276, 1, 2, 14),
(277, 1, 4, 1),
(278, 1, 3, 35),
(279, 1, 4, 18),
(280, 1, 3, 1),
(281, 3, 3, 11),
(282, 2, 5, 9),
(283, 1, 2, 33),
(284, 1, 5, 18),
(285, 1, 1, 11),
(286, 1, 3, 29),
(287, 2, 4, 18),
(288, 2, 1, 6),
(289, 1, 5, 20),
(290, 2, 2, 28),
(291, 3, 3, 28),
(292, 3, 3, 28),
(293, 2, 3, 8),
(294, 1, 2, 17),
(295, 1, 5, 31),
(296, 1, 3, 32),
(297, 1, 5, 21),
(298, 3, 1, 9),
(299, 1, 4, 11),
(300, 1, 3, 19),
(301, 1, 4, 1),
(302, 1, 3, 21),
(303, 1, 5, 20),
(304, 2, 5, 33),
(305, 1, 2, 18),
(306, 1, 2, 22),
(307, 1, 4, 23),
(308, 2, 2, 22),
(309, 3, 4, 15),
(310, 4, 5, 9),
(311, 1, 4, 6),
(312, 1, 3, 30),
(313, 1, 3, 1),
(314, 2, 5, 16),
(315, 2, 1, 1),
(316, 1, 4, 26),
(317, 1, 4, 31),
(318, 1, 3, 32),
(319, 1, 5, 7),
(320, 1, 5, 19),
(321, 1, 1, 31),
(322, 1, 4, 30),
(323, 1, 4, 5),
(324, 2, 3, 36),
(325, 4, 5, 21),
(326, 1, 3, 23),
(327, 2, 1, 11),
(328, 2, 2, 35),
(329, 1, 1, 31),
(330, 1, 1, 16),
(331, 2, 5, 30),
(332, 1, 5, 12),
(333, 1, 4, 6),
(334, 1, 4, 31),
(335, 4, 1, 15),
(336, 3, 2, 22),
(337, 4, 4, 33),
(338, 1, 1, 13),
(339, 3, 2, 17),
(340, 1, 5, 22),
(341, 1, 2, 2),
(342, 1, 3, 33),
(343, 2, 4, 24),
(344, 2, 3, 35),
(345, 1, 3, 9),
(346, 1, 4, 5),
(347, 1, 3, 7),
(348, 1, 3, 5),
(349, 3, 5, 23),
(350, 1, 3, 3),
(351, 1, 4, 29),
(352, 1, 1, 7),
(353, 1, 5, 11),
(354, 2, 2, 12),
(355, 1, 4, 28),
(356, 4, 5, 11),
(357, 1, 1, 5),
(358, 1, 2, 4),
(359, 1, 1, 31),
(360, 1, 3, 24),
(361, 1, 4, 32),
(362, 3, 3, 36),
(363, 4, 5, 33),
(364, 1, 4, 10),
(365, 6, 5, 14),
(366, 1, 2, 19),
(367, 4, 1, 31),
(368, 1, 5, 28),
(369, 1, 5, 24),
(370, 1, 1, 28),
(371, 2, 4, 28),
(372, 1, 4, 21),
(373, 1, 3, 7),
(374, 3, 1, 1),
(375, 2, 2, 19),
(376, 3, 2, 1),
(377, 1, 3, 13),
(378, 4, 4, 26),
(379, 1, 2, 31),
(380, 1, 1, 28),
(381, 4, 4, 34),
(382, 1, 5, 33),
(383, 3, 2, 35),
(384, 1, 1, 7),
(385, 1, 4, 11),
(386, 1, 3, 9),
(387, 1, 4, 11),
(388, 1, 2, 7),
(389, 3, 4, 28),
(390, 2, 4, 8),
(391, 1, 1, 18),
(392, 2, 3, 12),
(393, 4, 5, 35),
(394, 1, 5, 30),
(395, 2, 3, 3),
(396, 1, 2, 34),
(397, 1, 3, 2),
(398, 1, 3, 22),
(399, 4, 5, 27),
(400, 1, 5, 36),
(401, 2, 3, 21),
(402, 2, 3, 7),
(403, 1, 4, 12),
(404, 1, 4, 5),
(405, 1, 2, 34),
(406, 3, 3, 30),
(407, 1, 4, 21),
(408, 1, 3, 1),
(409, 1, 3, 24),
(410, 1, 2, 11),
(411, 1, 5, 10),
(412, 1, 3, 19),
(413, 4, 1, 34),
(414, 5, 2, 5),
(415, 1, 1, 12),
(416, 1, 3, 14),
(417, 2, 2, 25),
(418, 1, 3, 23),
(419, 2, 2, 35),
(420, 1, 4, 13),
(421, 1, 5, 25),
(422, 1, 5, 36),
(423, 1, 5, 22),
(424, 1, 4, 7),
(425, 1, 5, 3),
(426, 1, 5, 12),
(427, 1, 2, 19),
(428, 4, 3, 28),
(429, 1, 3, 23),
(430, 1, 5, 33),
(431, 1, 3, 14),
(432, 1, 2, 25),
(433, 1, 5, 23),
(434, 2, 3, 31),
(435, 2, 1, 26),
(436, 2, 1, 10),
(437, 1, 5, 18),
(438, 2, 4, 2),
(439, 1, 2, 31),
(440, 1, 5, 26),
(441, 2, 3, 18),
(442, 1, 5, 4),
(443, 1, 4, 16),
(444, 1, 3, 24),
(445, 1, 3, 22),
(446, 3, 1, 8),
(447, 1, 1, 7),
(448, 1, 1, 22),
(449, 2, 3, 28),
(450, 1, 4, 36),
(451, 1, 2, 33),
(452, 1, 1, 33),
(453, 4, 3, 12),
(454, 1, 2, 29),
(455, 3, 4, 7),
(456, 1, 4, 21),
(457, 2, 4, 32),
(458, 1, 3, 18),
(459, 1, 1, 30),
(460, 1, 4, 5),
(461, 1, 2, 27),
(462, 1, 2, 27),
(463, 1, 4, 25),
(464, 2, 3, 23),
(465, 1, 1, 11),
(466, 3, 2, 7),
(467, 1, 4, 32),
(468, 1, 3, 7),
(469, 1, 5, 2),
(470, 1, 2, 12),
(471, 3, 1, 8),
(472, 2, 3, 26),
(473, 1, 4, 16),
(474, 3, 2, 36),
(475, 6, 1, 30),
(476, 1, 5, 23),
(477, 1, 2, 24),
(478, 6, 5, 16),
(479, 1, 4, 25),
(480, 1, 2, 26),
(481, 2, 1, 33),
(482, 1, 5, 2),
(483, 1, 4, 16),
(484, 2, 4, 31),
(485, 2, 5, 32),
(486, 1, 4, 6),
(487, 4, 5, 36),
(488, 1, 2, 12),
(489, 1, 1, 30),
(490, 5, 2, 1),
(491, 1, 4, 4),
(492, 1, 4, 24),
(493, 1, 4, 8),
(494, 1, 1, 4),
(495, 5, 5, 3),
(496, 3, 5, 33),
(497, 1, 2, 35),
(498, 5, 3, 1),
(499, 1, 5, 26),
(500, 1, 1, 11),
(501, 2, 5, 29),
(502, 2, 2, 9),
(503, 2, 2, 9),
(504, 1, 5, 32),
(505, 2, 1, 1),
(506, 3, 2, 12),
(507, 2, 3, 22),
(508, 1, 3, 4),
(509, 1, 3, 10),
(510, 1, 2, 33);


-- fabricate-flush


INSERT INTO `BOOK_COPIES` (`book_id`, `isbn`, `supplier_id`, `cost`) VALUES
(1, '9781000000000', 8, NULL),
(2, '9781000000000', 17, NULL),
(3, '9781000000000', 6, NULL),
(4, '9781000000000', 4, NULL),
(5, '9781000000000', 17, NULL),
(6, '9781000000001', 12, NULL),
(7, '9781000000001', 16, NULL),
(8, '9781000000001', 8, NULL),
(9, '9781000000002', 3, NULL),
(10, '9781000000002', 1, NULL),
(11, '9781000000002', 6, NULL),
(12, '9781000000002', 17, NULL),
(13, '9781000000003', 18, NULL),
(14, '9781000000003', 1, NULL),
(15, '9781000000003', 13, NULL),
(16, '9781000000004', 10, NULL),
(17, '9781000000004', 12, NULL),
(18, '9781000000004', 4, NULL),
(19, '9781000000005', 18, NULL),
(20, '9781000000005', 3, NULL),
(21, '9781000000006', 8, NULL),
(22, '9781000000006', 19, NULL),
(23, '9781000000006', 17, NULL),
(24, '9781000000006', 9, NULL),
(25, '9781000000007', 2, NULL),
(26, '9781000000007', 17, NULL),
(27, '9781000000008', 12, NULL),
(28, '9781000000008', 9, NULL),
(29, '9781000000008', 2, NULL),
(30, '9781000000008', 13, NULL),
(31, '9781000000008', 7, NULL),
(32, '9781000000009', 13, NULL),
(33, '9781000000009', 19, NULL),
(34, '9781000000010', 13, NULL),
(35, '9781000000010', 3, NULL),
(36, '9781000000011', 12, NULL),
(37, '9781000000011', 4, NULL),
(38, '9781000000012', 18, NULL),
(39, '9781000000012', 13, NULL),
(40, '9781000000012', 3, NULL),
(41, '9781000000012', 16, NULL),
(42, '9781000000013', 13, NULL),
(43, '9781000000013', 18, NULL),
(44, '9781000000013', 16, NULL),
(45, '9781000000013', 3, NULL),
(46, '9781000000013', 5, NULL),
(47, '9781000000014', 10, NULL),
(48, '9781000000014', 8, NULL),
(49, '9781000000015', 4, NULL),
(50, '9781000000015', 4, NULL),
(51, '9781000000015', 6, NULL),
(52, '9781000000015', 2, NULL),
(53, '9781000000015', 16, NULL),
(54, '9781000000016', 6, NULL),
(55, '9781000000016', 1, NULL),
(56, '9781000000016', 1, NULL),
(57, '9781000000017', 18, NULL),
(58, '9781000000017', 5, NULL),
(59, '9781000000017', 15, NULL),
(60, '9781000000018', 17, NULL),
(61, '9781000000018', 1, NULL),
(62, '9781000000018', 17, NULL),
(63, '9781000000018', 12, NULL),
(64, '9781000000019', 12, NULL),
(65, '9781000000019', 13, NULL),
(66, '9781000000019', 8, NULL),
(67, '9781000000019', 16, NULL),
(68, '9781000000019', 14, NULL),
(69, '9781000000020', 17, NULL),
(70, '9781000000020', 20, NULL),
(71, '9781000000021', 1, NULL),
(72, '9781000000021', 2, NULL),
(73, '9781000000021', 20, NULL),
(74, '9781000000022', 9, NULL),
(75, '9781000000022', 16, NULL),
(76, '9781000000022', 16, NULL),
(77, '9781000000023', 16, NULL),
(78, '9781000000023', 13, NULL),
(79, '9781000000024', 4, NULL),
(80, '9781000000024', 4, NULL),
(81, '9781000000024', 4, NULL),
(82, '9781000000025', 9, NULL),
(83, '9781000000025', 9, NULL),
(84, '9781000000025', 14, NULL),
(85, '9781000000025', 2, NULL),
(86, '9781000000025', 18, NULL),
(87, '9781000000026', 7, NULL),
(88, '9781000000026', 5, NULL),
(89, '9781000000027', 18, NULL),
(90, '9781000000027', 7, NULL),
(91, '9781000000028', 13, NULL),
(92, '9781000000028', 6, NULL),
(93, '9781000000028', 3, NULL),
(94, '9781000000028', 6, NULL),
(95, '9781000000028', 2, NULL),
(96, '9781000000029', 12, NULL),
(97, '9781000000029', 1, NULL),
(98, '9781000000029', 14, NULL),
(99, '9781000000029', 7, NULL),
(100, '9781000000029', 13, NULL),
(101, '9781000000030', 13, NULL),
(102, '9781000000030', 9, NULL),
(103, '9781000000030', 10, NULL),
(104, '9781000000030', 11, NULL),
(105, '9781000000031', 13, NULL),
(106, '9781000000031', 14, NULL),
(107, '9781000000031', 7, NULL),
(108, '9781000000032', 3, NULL),
(109, '9781000000032', 7, NULL),
(110, '9781000000032', 19, NULL),
(111, '9781000000032', 1, NULL),
(112, '9781000000032', 19, NULL),
(113, '9781000000033', 15, NULL),
(114, '9781000000033', 4, NULL),
(115, '9781000000033', 20, NULL),
(116, '9781000000033', 1, NULL),
(117, '9781000000033', 13, NULL),
(118, '9781000000034', 6, NULL),
(119, '9781000000034', 4, NULL),
(120, '9781000000035', 20, NULL),
(121, '9781000000035', 9, NULL),
(122, '9781000000035', 7, NULL),
(123, '9781000000036', 10, NULL),
(124, '9781000000036', 11, NULL),
(125, '9781000000036', 10, NULL),
(126, '9781000000036', 8, NULL),
(127, '9781000000036', 20, NULL),
(128, '9781000000037', 9, NULL),
(129, '9781000000037', 2, NULL),
(130, '9781000000037', 1, NULL),
(131, '9781000000037', 18, NULL),
(132, '9781000000037', 13, NULL),
(133, '9781000000038', 17, NULL),
(134, '9781000000038', 15, NULL),
(135, '9781000000038', 2, NULL),
(136, '9781000000038', 5, NULL),
(137, '9781000000038', 20, NULL),
(138, '9781000000039', 17, NULL),
(139, '9781000000039', 17, NULL),
(140, '9781000000040', 11, NULL),
(141, '9781000000040', 15, NULL),
(142, '9781000000041', 17, NULL),
(143, '9781000000041', 8, NULL),
(144, '9781000000041', 2, NULL),
(145, '9781000000042', 14, NULL),
(146, '9781000000042', 2, NULL),
(147, '9781000000042', 8, NULL),
(148, '9781000000042', 5, NULL),
(149, '9781000000042', 14, NULL),
(150, '9781000000043', 9, NULL),
(151, '9781000000043', 8, NULL),
(152, '9781000000044', 5, NULL),
(153, '9781000000044', 7, NULL),
(154, '9781000000044', 1, NULL),
(155, '9781000000044', 13, NULL),
(156, '9781000000044', 19, NULL),
(157, '9781000000045', 4, NULL),
(158, '9781000000045', 2, NULL),
(159, '9781000000045', 6, NULL),
(160, '9781000000045', 9, NULL),
(161, '9781000000046', 4, NULL),
(162, '9781000000046', 17, NULL),
(163, '9781000000047', 12, NULL),
(164, '9781000000047', 15, NULL),
(165, '9781000000047', 19, NULL),
(166, '9781000000047', 4, NULL),
(167, '9781000000047', 3, NULL),
(168, '9781000000048', 7, NULL),
(169, '9781000000048', 6, NULL),
(170, '9781000000049', 4, NULL),
(171, '9781000000049', 8, NULL),
(172, '9781000000049', 20, NULL),
(173, '9781000000049', 7, NULL),
(174, '9781000000050', 16, NULL),
(175, '9781000000050', 9, NULL),
(176, '9781000000051', 4, NULL),
(177, '9781000000051', 5, NULL),
(178, '9781000000051', 2, NULL),
(179, '9781000000051', 15, NULL),
(180, '9781000000051', 14, NULL),
(181, '9781000000052', 1, NULL),
(182, '9781000000052', 13, NULL),
(183, '9781000000053', 17, NULL),
(184, '9781000000053', 10, NULL),
(185, '9781000000053', 14, NULL),
(186, '9781000000053', 18, NULL),
(187, '9781000000054', 11, NULL),
(188, '9781000000054', 6, NULL),
(189, '9781000000054', 5, NULL),
(190, '9781000000055', 2, NULL),
(191, '9781000000055', 5, NULL),
(192, '9781000000055', 13, NULL),
(193, '9781000000055', 11, NULL),
(194, '9781000000055', 17, NULL),
(195, '9781000000056', 19, NULL),
(196, '9781000000056', 8, NULL),
(197, '9781000000056', 18, NULL),
(198, '9781000000057', 20, NULL),
(199, '9781000000057', 10, NULL),
(200, '9781000000058', 3, NULL),
(201, '9781000000058', 15, NULL),
(202, '9781000000058', 15, NULL),
(203, '9781000000058', 5, NULL),
(204, '9781000000059', 4, NULL),
(205, '9781000000059', 6, NULL),
(206, '9781000000060', 2, NULL),
(207, '9781000000060', 11, NULL),
(208, '9781000000060', 7, NULL),
(209, '9781000000061', 16, NULL),
(210, '9781000000061', 12, NULL),
(211, '9781000000061', 8, NULL),
(212, '9781000000061', 12, NULL),
(213, '9781000000061', 14, NULL),
(214, '9781000000062', 19, NULL),
(215, '9781000000062', 20, NULL),
(216, '9781000000063', 18, NULL),
(217, '9781000000063', 10, NULL),
(218, '9781000000063', 3, NULL),
(219, '9781000000063', 8, NULL),
(220, '9781000000064', 2, NULL),
(221, '9781000000064', 17, NULL),
(222, '9781000000065', 4, NULL),
(223, '9781000000065', 12, NULL),
(224, '9781000000065', 6, NULL),
(225, '9781000000066', 7, NULL),
(226, '9781000000066', 1, NULL),
(227, '9781000000066', 20, NULL),
(228, '9781000000067', 6, NULL),
(229, '9781000000067', 10, NULL),
(230, '9781000000067', 19, NULL),
(231, '9781000000068', 4, NULL),
(232, '9781000000068', 20, NULL),
(233, '9781000000068', 18, NULL),
(234, '9781000000068', 9, NULL),
(235, '9781000000069', 3, NULL),
(236, '9781000000069', 11, NULL),
(237, '9781000000069', 16, NULL),
(238, '9781000000069', 20, NULL),
(239, '9781000000070', 16, NULL),
(240, '9781000000070', 14, NULL),
(241, '9781000000070', 7, NULL),
(242, '9781000000071', 5, NULL),
(243, '9781000000071', 6, NULL),
(244, '9781000000071', 19, NULL),
(245, '9781000000071', 11, NULL),
(246, '9781000000072', 13, NULL),
(247, '9781000000072', 8, NULL),
(248, '9781000000073', 20, NULL),
(249, '9781000000073', 6, NULL),
(250, '9781000000073', 4, NULL),
(251, '9781000000073', 13, NULL),
(252, '9781000000073', 19, NULL),
(253, '9781000000074', 3, NULL),
(254, '9781000000074', 20, NULL),
(255, '9781000000075', 16, NULL),
(256, '9781000000075', 19, NULL),
(257, '9781000000076', 10, NULL),
(258, '9781000000076', 9, NULL),
(259, '9781000000076', 6, NULL),
(260, '9781000000077', 10, NULL),
(261, '9781000000077', 17, NULL),
(262, '9781000000078', 2, NULL),
(263, '9781000000078', 20, NULL),
(264, '9781000000078', 8, NULL),
(265, '9781000000078', 2, NULL),
(266, '9781000000079', 16, NULL),
(267, '9781000000079', 1, NULL),
(268, '9781000000079', 16, NULL),
(269, '9781000000080', 3, NULL),
(270, '9781000000080', 19, NULL),
(271, '9781000000080', 14, NULL),
(272, '9781000000080', 16, NULL),
(273, '9781000000081', 9, NULL),
(274, '9781000000081', 13, NULL),
(275, '9781000000082', 5, NULL),
(276, '9781000000082', 9, NULL),
(277, '9781000000082', 17, NULL),
(278, '9781000000083', 10, NULL),
(279, '9781000000083', 15, NULL),
(280, '9781000000084', 14, NULL),
(281, '9781000000084', 15, NULL),
(282, '9781000000085', 2, NULL),
(283, '9781000000085', 11, NULL),
(284, '9781000000086', 4, NULL),
(285, '9781000000086', 15, NULL),
(286, '9781000000086', 13, NULL),
(287, '9781000000086', 6, NULL),
(288, '9781000000086', 20, NULL),
(289, '9781000000087', 19, NULL),
(290, '9781000000087', 20, NULL),
(291, '9781000000087', 13, NULL),
(292, '9781000000087', 16, NULL),
(293, '9781000000088', 17, NULL),
(294, '9781000000088', 15, NULL),
(295, '9781000000088', 2, NULL),
(296, '9781000000088', 7, NULL),
(297, '9781000000089', 7, NULL),
(298, '9781000000089', 6, NULL),
(299, '9781000000089', 13, NULL),
(300, '9781000000089', 9, NULL),
(301, '9781000000089', 2, NULL),
(302, '9781000000090', 20, NULL),
(303, '9781000000090', 18, NULL),
(304, '9781000000091', 11, NULL),
(305, '9781000000091', 8, NULL),
(306, '9781000000091', 2, NULL),
(307, '9781000000092', 2, NULL),
(308, '9781000000092', 12, NULL),
(309, '9781000000092', 14, NULL),
(310, '9781000000092', 17, NULL),
(311, '9781000000093', 4, NULL),
(312, '9781000000093', 8, NULL),
(313, '9781000000093', 15, NULL),
(314, '9781000000093', 18, NULL),
(315, '9781000000093', 2, NULL),
(316, '9781000000094', 8, NULL),
(317, '9781000000094', 7, NULL),
(318, '9781000000094', 13, NULL),
(319, '9781000000094', 16, NULL),
(320, '9781000000094', 3, NULL),
(321, '9781000000095', 8, NULL),
(322, '9781000000095', 12, NULL),
(323, '9781000000095', 16, NULL),
(324, '9781000000095', 8, NULL),
(325, '9781000000096', 14, NULL),
(326, '9781000000096', 17, NULL),
(327, '9781000000096', 10, NULL),
(328, '9781000000097', 11, NULL),
(329, '9781000000097', 11, NULL),
(330, '9781000000097', 3, NULL),
(331, '9781000000097', 5, NULL),
(332, '9781000000097', 8, NULL),
(333, '9781000000098', 17, NULL),
(334, '9781000000098', 17, NULL),
(335, '9781000000098', 17, NULL),
(336, '9781000000098', 15, NULL),
(337, '9781000000099', 4, NULL),
(338, '9781000000099', 1, NULL),
(339, '9781000000099', 19, NULL),
(340, '9781000000099', 10, NULL),
(341, '9781000000099', 3, NULL),
(342, '9781000000100', 3, NULL),
(343, '9781000000100', 1, NULL),
(344, '9781000000101', 6, NULL),
(345, '9781000000101', 10, NULL),
(346, '9781000000101', 5, NULL),
(347, '9781000000102', 7, NULL),
(348, '9781000000102', 14, NULL),
(349, '9781000000102', 2, NULL),
(350, '9781000000102', 16, NULL),
(351, '9781000000102', 18, NULL),
(352, '9781000000103', 5, NULL),
(353, '9781000000103', 1, NULL),
(354, '9781000000104', 9, NULL),
(355, '9781000000104', 12, NULL),
(356, '9781000000105', 16, NULL),
(357, '9781000000105', 9, NULL),
(358, '9781000000106', 13, NULL),
(359, '9781000000106', 3, NULL),
(360, '9781000000107', 6, NULL),
(361, '9781000000107', 20, NULL),
(362, '9781000000107', 7, NULL),
(363, '9781000000107', 20, NULL),
(364, '9781000000108', 12, NULL),
(365, '9781000000108', 2, NULL),
(366, '9781000000109', 15, NULL),
(367, '9781000000109', 19, NULL),
(368, '9781000000109', 18, NULL),
(369, '9781000000109', 3, NULL),
(370, '9781000000109', 20, NULL),
(371, '9781000000110', 9, NULL),
(372, '9781000000110', 10, NULL),
(373, '9781000000111', 4, NULL),
(374, '9781000000111', 20, NULL),
(375, '9781000000111', 8, NULL),
(376, '9781000000111', 17, NULL),
(377, '9781000000111', 10, NULL),
(378, '9781000000112', 9, NULL),
(379, '9781000000112', 18, NULL),
(380, '9781000000112', 6, NULL),
(381, '9781000000112', 7, NULL),
(382, '9781000000112', 16, NULL),
(383, '9781000000113', 15, NULL),
(384, '9781000000113', 14, NULL),
(385, '9781000000113', 18, NULL),
(386, '9781000000113', 19, NULL),
(387, '9781000000113', 3, NULL),
(388, '9781000000114', 17, NULL),
(389, '9781000000114', 20, NULL),
(390, '9781000000115', 4, NULL),
(391, '9781000000115', 9, NULL),
(392, '9781000000116', 15, NULL),
(393, '9781000000116', 2, NULL),
(394, '9781000000116', 20, NULL),
(395, '9781000000117', 19, NULL),
(396, '9781000000117', 12, NULL),
(397, '9781000000118', 13, NULL),
(398, '9781000000118', 15, NULL),
(399, '9781000000118', 11, NULL),
(400, '9781000000118', 2, NULL),
(401, '9781000000119', 17, NULL),
(402, '9781000000119', 16, NULL),
(403, '9781000000119', 1, NULL),
(404, '9781000000119', 17, NULL),
(405, '9781000000120', 6, NULL),
(406, '9781000000120', 2, NULL),
(407, '9781000000120', 8, NULL),
(408, '9781000000121', 16, NULL),
(409, '9781000000121', 1, NULL),
(410, '9781000000122', 15, NULL),
(411, '9781000000122', 18, NULL),
(412, '9781000000122', 9, NULL),
(413, '9781000000122', 5, NULL),
(414, '9781000000122', 8, NULL),
(415, '9781000000123', 4, NULL),
(416, '9781000000123', 15, NULL),
(417, '9781000000123', 7, NULL),
(418, '9781000000123', 2, NULL),
(419, '9781000000124', 14, NULL),
(420, '9781000000124', 1, NULL),
(421, '9781000000124', 20, NULL),
(422, '9781000000124', 12, NULL),
(423, '9781000000125', 6, NULL),
(424, '9781000000125', 18, NULL),
(425, '9781000000125', 13, NULL),
(426, '9781000000126', 12, NULL),
(427, '9781000000126', 14, NULL),
(428, '9781000000126', 8, NULL),
(429, '9781000000127', 20, NULL),
(430, '9781000000127', 7, NULL),
(431, '9781000000128', 10, NULL),
(432, '9781000000128', 11, NULL),
(433, '9781000000128', 8, NULL),
(434, '9781000000128', 5, NULL),
(435, '9781000000128', 6, NULL),
(436, '9781000000129', 11, NULL),
(437, '9781000000129', 5, NULL),
(438, '9781000000129', 3, NULL),
(439, '9781000000129', 3, NULL),
(440, '9781000000130', 15, NULL),
(441, '9781000000130', 14, NULL),
(442, '9781000000130', 14, NULL),
(443, '9781000000130', 19, NULL),
(444, '9781000000131', 3, NULL),
(445, '9781000000131', 6, NULL),
(446, '9781000000131', 8, NULL),
(447, '9781000000131', 8, NULL),
(448, '9781000000132', 9, NULL),
(449, '9781000000132', 18, NULL),
(450, '9781000000132', 12, NULL),
(451, '9781000000132', 16, NULL),
(452, '9781000000133', 13, NULL),
(453, '9781000000133', 6, NULL),
(454, '9781000000134', 1, NULL),
(455, '9781000000134', 9, NULL),
(456, '9781000000134', 17, NULL),
(457, '9781000000135', 6, NULL),
(458, '9781000000135', 2, NULL),
(459, '9781000000135', 1, NULL),
(460, '9781000000135', 1, NULL),
(461, '9781000000135', 2, NULL),
(462, '9781000000136', 11, NULL),
(463, '9781000000136', 9, NULL),
(464, '9781000000137', 7, NULL),
(465, '9781000000137', 13, NULL),
(466, '9781000000137', 15, NULL),
(467, '9781000000137', 6, NULL),
(468, '9781000000137', 10, NULL),
(469, '9781000000138', 7, NULL),
(470, '9781000000138', 7, NULL),
(471, '9781000000139', 10, NULL),
(472, '9781000000139', 6, NULL),
(473, '9781000000139', 16, NULL),
(474, '9781000000139', 4, NULL),
(475, '9781000000139', 12, NULL),
(476, '9781000000140', 16, NULL),
(477, '9781000000140', 16, NULL),
(478, '9781000000140', 10, NULL),
(479, '9781000000141', 17, NULL),
(480, '9781000000141', 15, NULL),
(481, '9781000000141', 7, NULL),
(482, '9781000000142', 5, NULL),
(483, '9781000000142', 4, NULL),
(484, '9781000000142', 19, NULL),
(485, '9781000000142', 5, NULL),
(486, '9781000000143', 2, NULL),
(487, '9781000000143', 1, NULL),
(488, '9781000000143', 5, NULL),
(489, '9781000000143', 15, NULL),
(490, '9781000000144', 2, NULL),
(491, '9781000000144', 3, NULL),
(492, '9781000000144', 6, NULL),
(493, '9781000000145', 5, NULL),
(494, '9781000000145', 18, NULL),
(495, '9781000000145', 6, NULL),
(496, '9781000000145', 12, NULL),
(497, '9781000000146', 13, NULL),
(498, '9781000000146', 11, NULL),
(499, '9781000000146', 10, NULL),
(500, '9781000000147', 2, NULL),
(501, '9781000000147', 7, NULL),
(502, '9781000000147', 18, NULL),
(503, '9781000000148', 15, NULL),
(504, '9781000000148', 15, NULL),
(505, '9781000000148', 19, NULL),
(506, '9781000000149', 15, NULL),
(507, '9781000000149', 11, NULL),
(508, '9781000000149', 4, NULL),
(509, '9781000000149', 11, NULL),
(510, '9781000000149', 10, NULL);


-- fabricate-flush


INSERT INTO `BOOK_LOCATION` (`loc_id`, `loc_section`, `loc_floor`, `shelf`) VALUES
(1, 'Fiction', 'Ground Floor', 'FIC-GG-S1'),
(2, 'Fiction', 'Ground Floor', 'FIC-GG-S2'),
(3, 'Fiction', 'Ground Floor', 'FIC-GG-S3'),
(4, 'Non-Fiction', 'Ground Floor', 'NON-GG-S1'),
(5, 'Non-Fiction', 'Ground Floor', 'NON-GG-S2'),
(6, 'Non-Fiction', 'Ground Floor', 'NON-GG-S3'),
(7, 'Reference', 'Ground Floor', 'REF-GG-S1'),
(8, 'Reference', 'Ground Floor', 'REF-GG-S2'),
(9, 'Children''s', 'Ground Floor', 'CHI-GG-S1'),
(10, 'Children''s', 'Ground Floor', 'CHI-GG-S2'),
(11, 'Periodicals', 'Ground Floor', 'PER-GG-S1'),
(12, 'Periodicals', 'Ground Floor', 'PER-GG-S2'),
(13, 'Fiction', 'First Floor', 'FIC-F1-S1'),
(14, 'Fiction', 'First Floor', 'FIC-F1-S2'),
(15, 'Fiction', 'First Floor', 'FIC-F1-S3'),
(16, 'Non-Fiction', 'First Floor', 'NON-F1-S1'),
(17, 'Non-Fiction', 'First Floor', 'NON-F1-S2'),
(18, 'Non-Fiction', 'First Floor', 'NON-F1-S3'),
(19, 'Reference', 'First Floor', 'REF-F1-S1'),
(20, 'Reference', 'First Floor', 'REF-F1-S2'),
(21, 'Children''s', 'First Floor', 'CHI-F1-S1'),
(22, 'Children''s', 'First Floor', 'CHI-F1-S2'),
(23, 'Periodicals', 'First Floor', 'PER-F1-S1'),
(24, 'Periodicals', 'First Floor', 'PER-F1-S2'),
(25, 'Special Collections', 'First Floor', 'SPE-F1-S1'),
(26, 'Special Collections', 'First Floor', 'SPE-F1-S2'),
(27, 'Fiction', 'Second Floor', 'FIC-S2-S1'),
(28, 'Fiction', 'Second Floor', 'FIC-S2-S2'),
(29, 'Fiction', 'Second Floor', 'FIC-S2-S3'),
(30, 'Non-Fiction', 'Second Floor', 'NON-S2-S1'),
(31, 'Non-Fiction', 'Second Floor', 'NON-S2-S2'),
(32, 'Non-Fiction', 'Second Floor', 'NON-S2-S3'),
(33, 'Reference', 'Second Floor', 'REF-S2-S1'),
(34, 'Reference', 'Second Floor', 'REF-S2-S2'),
(35, 'Special Collections', 'Second Floor', 'SPE-S2-S1'),
(36, 'Special Collections', 'Second Floor', 'SPE-S2-S2');


-- fabricate-flush


INSERT INTO `CONDITIONS` (`condition_id`, `condition_desc`) VALUES
(1, 'New'),
(2, 'Good'),
(3, 'Fair'),
(4, 'Poor'),
(5, 'Damaged');


-- fabricate-flush


INSERT INTO `CONTACTS` (`staff_id`, `email`, `phone_no`, `emergency_no`, `emergency_contact`) VALUES
(1, 'fearghal.hogan52@icloud.com', '0847517369', '0833549785', 'David Carneiro'),
(2, 'bronagh.mckenna68@hotmail.com', '0839148152', '0832704141', 'Mingming Christoph'),
(3, 'siobhan.crowley71@outlook.com', '0831571618', '0846052620', 'Antoine Velázquez'),
(4, 'uilliam.mcloughlin4@gmail.com', '0840796021', '0848291509', 'Tamati Bustamante'),
(5, 'imogen.fox8@yahoo.com', '0842910809', '0832820626', 'Nkunda El Ansari'),
(6, 'gareth.kane56@outlook.com', '0840338466', '0833294424', 'William Bukhowa'),
(7, 'daithi.hennessy6@outlook.com', '0830651577', '0846193233', 'Jóhanna Adkins'),
(8, 'daniel.mcmahon29@outlook.com', '0838925539', '0843967864', 'Paige Saidi'),
(9, 'oscar.okeeffe31@gmail.com', '0842522329', '0833998383', 'Yerson Harper'),
(10, 'conor.campbell86@hotmail.com', '0847081508', '0838948327', 'Khrystyna Siadari'),
(11, 'eimear.flynn98@icloud.com', '0839239052', '0831568663', 'Margaret Vandenbergen'),
(12, 'ciarn.brown29@icloud.com', '0847995521', '0847432393', 'Edward Warner'),
(13, 'oliver.mclaughlin52@yahoo.com', '0847857988', '0849910921', 'Christophe Breinburg'),
(14, 'riona.griffin53@outlook.com', '0844535939', '0844724683', 'Petra Plaku'),
(15, 'noel.mcdonagh96@hotmail.com', '0846652434', '0835036489', '詩文 Matthew'),
(16, 'conal.carroll47@gmail.com', '0837564528', '0840584876', 'Li Hua Franco'),
(17, 'mairenn.higgins12@yahoo.com', '0848679725', '0838732218', 'Vaiafa Mojica'),
(18, 'onora.graham66@yahoo.com', '0848332350', '0833903140', 'Akoété Rose'),
(19, 'tiernan.boland59@hotmail.com', '0842995865', '0843512644', 'Min-ho Gordon'),
(20, 'ran.conroy27@gmail.com', '0837456868', '0843936713', 'Diamond Nkomo'),
(21, 'ria.oconnor50@yahoo.com', '0837659361', '0841534733', 'Claudia Kovalenko'),
(22, 'finn.regan96@hotmail.com', '0846422770', '0840081043', 'Benedict Balafrej'),
(23, 'gearid.reilly91@icloud.com', '0842300515', '0849336622', 'Simon Sciberras'),
(24, 'fiachra.oconnell60@yahoo.com', '0847716703', '0836382350', 'Ulzhan Güzel'),
(25, 'emer.harte65@hotmail.com', '0835874006', '0849403725', 'Zixuan Sadon'),
(26, 'adam.keogh19@icloud.com', '0848948991', '0848045077', 'Shakira Charalambopoulos'),
(27, 'lcs.loughlin2@gmail.com', '0843125861', '0843481109', 'Nkashama Bulut'),
(28, 'rory.wilson84@gmail.com', '0830865799', '0831492633', 'Benito Santos'),
(29, 'jack.healy74@hotmail.com', '0843588491', '0848014868', 'Abdullahi Al-Obaidly'),
(30, 'run.burns83@icloud.com', '0838150167', '0848171873', 'Salamatou Rukoro'),
(31, 'maebh.browne20@icloud.com', '0846287516', '0841248246', 'Louisa Steede'),
(32, 'iarlaith.king40@yahoo.com', '0835405325', '0848200792', 'Vanessa Messina'),
(33, 'bebhinn.farrell83@yahoo.com', '0832336280', '0834152974', 'Zahra Morales'),
(34, 'eithne.roche74@outlook.com', '0836181934', '0832596185', 'Rima Ibrahim'),
(35, 'blaithin.lynch55@outlook.com', '0834869747', '0839804868', 'Umed Rady'),
(36, 'mabh.doyle25@outlook.com', '0830727218', '0848839171', 'Jake Jeffers'),
(37, 'fionntn.sweeney63@outlook.com', '0838002230', '0844499554', 'Dorothee Gallo'),
(38, 'sen.ocallaghan31@yahoo.com', '0840771662', '0841441304', 'Issam Al-Rashid'),
(39, 'james.magee33@yahoo.com', '0844772636', '0843595382', 'Payal Pawiroredjo'),
(40, 'saoirse.donnelly96@outlook.com', '0840283519', '0848748051', 'Estrella Chapagain'),
(41, 'treasa.johnston18@yahoo.com', '0830334703', '0847557418', 'Hilma Mvouroukoua'),
(42, 'niamh.ohara97@icloud.com', '0847033585', '0848816154', 'Tanielu Qabazard'),
(43, 'fintan.molloy14@icloud.com', '0846930174', '0837707907', 'Emanuel Vacca'),
(44, 'seamus.manning57@icloud.com', '0841810984', '0847728362', 'Paul van Eijk'),
(45, 'mairead.donovan88@gmail.com', '0839823307', '0830502336', 'Christina Hedström'),
(46, 'ryan.kenny49@icloud.com', '0845350484', '0839594911', 'Josué Zakirov'),
(47, 'mark.hayes37@icloud.com', '0831587270', '0847273030', 'Monica Turgunov'),
(48, 'patricia.kelly18@gmail.com', '0832136131', '0831322314', 'Bragi Sedláček'),
(49, 'tiernan.mcguire73@hotmail.com', '0843298794', '0838574389', 'Laura Eubank'),
(50, 'ben.scanlon2@outlook.com', '0838841794', '0840723990', 'Sofie Oliveira');


-- fabricate-flush


INSERT INTO `CUSTOMERS` (`customer_id`, `f_name`, `l_name`, `email`, `phone_no`, `address`) VALUES
(1, 'Raphael', 'Omunyokol', 'raphael.omunyokol@yahoo.com', '086 1552587', '190 Tullamore Road, Tullamore'),
(2, 'Kavitha', 'Marshall', 'kavitha.marshall@outlook.com', '085 2393436', '76 Carlow Road, Carlow'),
(3, 'Ateraoi', 'Ferreyra', 'ateraoi.ferreyra@yahoo.com', '086 1569554', '31 Waterford Road, Waterford'),
(4, 'Mbuyi', 'Sairally', 'mbuyi.sairally@yahoo.com', '084 4586297', '34 Bray Road, Bray'),
(5, 'Nabil', 'Daukša', 'nabil.daukša@yahoo.com', '084 1011229', '133 Maynooth Road, Maynooth'),
(6, 'Tepua', 'Hassan', 'tepua.hassan@icloud.com', '085 3115641', '21 Dublin Road, Dublin'),
(7, 'Lee-teuk', 'Jerónimo', 'lee-teuk.jerónimo@yahoo.com', '086 0225996', '183 Sligo Road, Sligo'),
(8, 'Lutfullah', 'Sidibé', 'lutfullah.sidibé@yahoo.com', '084 3739310', '67 Mullingar Road, Mullingar'),
(9, 'Emil', 'Limbu', 'emil.limbu@gmail.com', '086 4227742', '131 Wexford Road, Wexford'),
(10, 'Michael', 'Armstrong', 'michael.armstrong@hotmail.com', '086 5582983', '77 Tralee Road, Tralee'),
(11, 'Luka', 'Emmanuel', 'luka.emmanuel@yahoo.com', '083 0672727', '200 Sligo Road, Sligo'),
(12, 'Leandro', 'Vega', 'leandro.vega@icloud.com', '083 3099089', '1 Tralee Road, Tralee'),
(13, 'Sarra', 'Savciuc', 'sarra.savciuc@yahoo.com', '083 8408971', '42 Tullamore Road, Tullamore'),
(14, 'Benedito', 'Pearson', 'benedito.pearson@yahoo.com', '085 5906044', '162 Tralee Road, Tralee'),
(15, 'Asma', 'Tshisekedi', 'asma.tshisekedi@outlook.com', '083 9607043', '73 Tullamore Road, Tullamore'),
(16, 'Fumiko', 'Burduja', 'fumiko.burduja@yahoo.com', '083 8458183', '147 Dundalk Road, Dundalk'),
(17, 'Aleksandra', 'Sandoval', 'aleksandra.sandoval@icloud.com', '084 3801162', '44 Galway Road, Galway'),
(18, 'Sabah', 'Paas', 'sabah.paas@icloud.com', '086 9350773', '75 Athlone Road, Athlone'),
(19, 'Todor', 'Nieminen', 'todor.nieminen@gmail.com', '086 8465837', '88 Sligo Road, Sligo'),
(20, 'José Manuel', 'Khasawneh', 'josé manuel.khasawneh@outlook.com', '083 5295735', '172 Carlow Road, Carlow'),
(21, 'Ali', 'Phan', 'ali.phan@hotmail.com', '083 3917071', '112 Drogheda Road, Drogheda'),
(22, 'Henry', 'Salazar', 'henry.salazar@outlook.com', '085 5723967', '189 Bray Road, Bray'),
(23, 'Shirin', 'Avome', 'shirin.avome@gmail.com', '084 4898560', '62 Galway Road, Galway'),
(24, 'Édgar', 'Suphap', 'édgar.suphap@yahoo.com', '083 8138641', '37 Kilkenny Road, Kilkenny'),
(25, 'Joeli', 'Abdirahman', 'joeli.abdirahman@outlook.com', '083 4937831', '152 Sligo Road, Sligo'),
(26, 'Hyung-won', 'Paredes', 'hyung-won.paredes@gmail.com', '084 5057267', '7 Mullingar Road, Mullingar'),
(27, 'Vishnu', 'Geldiyev', 'vishnu.geldiyev@outlook.com', '085 1997901', '44 Ennis Road, Ennis'),
(28, 'Maximiliano', 'Ivanov', 'maximiliano.ivanov@icloud.com', '083 7535484', '157 Carlow Road, Carlow'),
(29, 'Ayub', 'Søgaard', 'ayub.søgaard@outlook.com', '083 8201429', '62 Letterkenny Road, Letterkenny'),
(30, 'Paul', 'Dominique', 'paul.dominique@hotmail.com', '083 7927580', '189 Letterkenny Road, Letterkenny'),
(31, 'Toky', 'Cruz', 'toky.cruz@icloud.com', '084 5758925', '148 Tralee Road, Tralee'),
(32, 'Định', 'Quintal', 'định.quintal@yahoo.com', '085 5673965', '30 Limerick Road, Limerick'),
(33, 'Lenni', 'Armengol', 'lenni.armengol@hotmail.com', '083 2311283', '125 Galway Road, Galway'),
(34, 'Andrei', 'El Yaacoubi', 'andrei.el yaacoubi@icloud.com', '083 2489978', '165 Ennis Road, Ennis'),
(35, 'Davor', 'Hunter', 'davor.hunter@hotmail.com', '084 3061589', '68 Drogheda Road, Drogheda'),
(36, 'Williams', 'Dorey', 'williams.dorey@yahoo.com', '084 6169726', '66 Dundalk Road, Dundalk'),
(37, 'Anika', 'Tucker', 'anika.tucker@outlook.com', '084 0953091', '76 Bray Road, Bray'),
(38, 'Sara', 'Kuusik', 'sara.kuusik@icloud.com', '085 6748055', '65 Waterford Road, Waterford'),
(39, 'Mastura', 'Haas', 'mastura.haas@yahoo.com', '086 4464533', '40 Bray Road, Bray'),
(40, 'Joshua', 'Cabral', 'joshua.cabral@gmail.com', '086 1423153', '81 Naas Road, Naas'),
(41, 'Tamika', 'Taylor', 'tamika.taylor@outlook.com', '083 6457342', '145 Dundalk Road, Dundalk'),
(42, 'Fikret', 'Nandigna', 'fikret.nandigna@hotmail.com', '085 6284522', '174 Waterford Road, Waterford'),
(43, 'Tenin', 'Pelenise', 'tenin.pelenise@outlook.com', '085 2440669', '168 Cork Road, Cork'),
(44, 'Mamadou', 'Bustamante', 'mamadou.bustamante@gmail.com', '083 3878329', '47 Sligo Road, Sligo'),
(45, 'Elías', 'Thomas', 'elías.thomas@outlook.com', '085 9013730', '195 Dublin Road, Dublin'),
(46, 'Walter', 'Kubiak', 'walter.kubiak@outlook.com', '083 6639455', '152 Dundalk Road, Dundalk'),
(47, 'Alice', 'Kuugongelwa', 'alice.kuugongelwa@outlook.com', '084 6214549', '13 Carlow Road, Carlow'),
(48, 'Asma', 'Nordberg', 'asma.nordberg@gmail.com', '085 8306803', '42 Letterkenny Road, Letterkenny'),
(49, 'Sharif', 'Moukoko', 'sharif.moukoko@yahoo.com', '085 7960452', '123 Bray Road, Bray'),
(50, 'Qivioq', 'Klein', 'qivioq.klein@icloud.com', '084 9453858', '95 Limerick Road, Limerick'),
(51, 'Mahesh', 'Nkiere', 'mahesh.nkiere@icloud.com', '086 8173801', '8 Dublin Road, Dublin'),
(52, 'Gustavo', 'Larcher', 'gustavo.larcher@gmail.com', '086 8228037', '73 Tullamore Road, Tullamore'),
(53, 'Yolanda', 'Preecha', 'yolanda.preecha@yahoo.com', '083 2583979', '73 Drogheda Road, Drogheda'),
(54, 'Noor', 'Areny', 'noor.areny@hotmail.com', '085 3279762', '148 Bray Road, Bray'),
(55, 'Ahmed', 'Bambara', 'ahmed.bambara@hotmail.com', '083 1917566', '62 Dublin Road, Dublin'),
(56, 'Mía', 'Rosario', 'mía.rosario@yahoo.com', '086 4934229', '115 Dublin Road, Dublin'),
(57, 'Lizbeth', 'Broni', 'lizbeth.broni@outlook.com', '083 1660234', '89 Waterford Road, Waterford'),
(58, 'Carmen', 'Cabrera', 'carmen.cabrera@gmail.com', '084 7078044', '44 Mullingar Road, Mullingar'),
(59, 'Zulu', 'Hentze', 'zulu.hentze@outlook.com', '083 6998237', '152 Athlone Road, Athlone'),
(60, 'Jana', 'Al-Hajri', 'jana.al-hajri@hotmail.com', '083 2579639', '11 Maynooth Road, Maynooth'),
(61, 'Djamel', 'Bakayoko', 'djamel.bakayoko@gmail.com', '085 8446284', '15 Galway Road, Galway'),
(62, 'Wasantha', 'Ristov', 'wasantha.ristov@icloud.com', '086 5577232', '156 Limerick Road, Limerick'),
(63, 'Helen', 'Ramirez', 'helen.ramirez@icloud.com', '086 3150050', '148 Tralee Road, Tralee'),
(64, 'Hafid', 'Hounkpatin', 'hafid.hounkpatin@gmail.com', '083 7179953', '107 Naas Road, Naas'),
(65, 'Trevor', 'Martin', 'trevor.martin@gmail.com', '086 1856795', '37 Limerick Road, Limerick'),
(66, 'Issa', 'Mujkanović', 'issa.mujkanović@outlook.com', '084 5703154', '189 Limerick Road, Limerick'),
(67, 'Haya', 'Guillard', 'haya.guillard@outlook.com', '086 8023367', '89 Naas Road, Naas'),
(68, 'Ping', 'Pauga', 'ping.pauga@hotmail.com', '083 7479251', '95 Kilkenny Road, Kilkenny'),
(69, 'Lineekela', 'Kreidi', 'lineekela.kreidi@yahoo.com', '083 9939156', '10 Kilkenny Road, Kilkenny'),
(70, 'Weng Kin', 'Yzeiri', 'weng kin.yzeiri@hotmail.com', '084 2030320', '58 Dublin Road, Dublin'),
(71, 'Thongvin', 'Kepore', 'thongvin.kepore@gmail.com', '085 5265808', '59 Letterkenny Road, Letterkenny'),
(72, 'Bashar', 'Ismail', 'bashar.ismail@icloud.com', '083 2027023', '109 Waterford Road, Waterford'),
(73, 'Smail', 'Richards', 'smail.richards@gmail.com', '085 8938522', '43 Cork Road, Cork'),
(74, 'Nasser', 'Harper', 'nasser.harper@gmail.com', '084 8800286', '125 Limerick Road, Limerick'),
(75, 'Mahgol', 'Daniels', 'mahgol.daniels@hotmail.com', '085 1573985', '153 Carlow Road, Carlow'),
(76, 'Asunción', 'Jaafari', 'asunción.jaafari@gmail.com', '084 3905739', '139 Bray Road, Bray'),
(77, 'Demba', 'Khamis', 'demba.khamis@hotmail.com', '084 4957199', '59 Cork Road, Cork'),
(78, 'Abdoulahi', 'Kolawole', 'abdoulahi.kolawole@icloud.com', '085 2314962', '2 Carlow Road, Carlow'),
(79, 'Kerim', 'Gama', 'kerim.gama@outlook.com', '085 2024321', '173 Wexford Road, Wexford'),
(80, 'Kizzy', 'Hadjisoteriou', 'kizzy.hadjisoteriou@gmail.com', '084 6175004', '53 Tralee Road, Tralee'),
(81, 'María Isabel', 'Moon', 'maría isabel.moon@gmail.com', '084 3509872', '135 Carlow Road, Carlow'),
(82, 'Arnaq', 'Reyes', 'arnaq.reyes@gmail.com', '083 8854185', '162 Ennis Road, Ennis'),
(83, 'Miora', 'Delić', 'miora.delić@hotmail.com', '084 1529400', '189 Galway Road, Galway'),
(84, 'George', 'Tararo', 'george.tararo@gmail.com', '084 3389852', '14 Sligo Road, Sligo'),
(85, 'Ali', 'Błaszczyk', 'ali.błaszczyk@yahoo.com', '086 3096781', '45 Athlone Road, Athlone'),
(86, 'Njaka', 'Sundaram', 'njaka.sundaram@outlook.com', '086 1208666', '194 Bray Road, Bray'),
(87, 'Corinne', 'Libah', 'corinne.libah@gmail.com', '084 5721901', '153 Sligo Road, Sligo'),
(88, 'Madi', 'Christou', 'madi.christou@outlook.com', '085 7221607', '26 Letterkenny Road, Letterkenny'),
(89, 'Jungwoo', 'Al-Rumaihi', 'jungwoo.al-rumaihi@gmail.com', '085 8733691', '82 Cork Road, Cork'),
(90, 'Kévin', 'Pranoto', 'kévin.pranoto@outlook.com', '084 3163430', '84 Sligo Road, Sligo'),
(91, 'Edward', 'Cabrera', 'edward.cabrera@yahoo.com', '086 0668933', '92 Bray Road, Bray'),
(92, 'Karine', 'King', 'karine.king@hotmail.com', '086 1019586', '161 Carlow Road, Carlow'),
(93, 'Ahmed', 'Sitoi', 'ahmed.sitoi@yahoo.com', '083 6518176', '153 Cork Road, Cork'),
(94, 'Alexander', 'Zapata', 'alexander.zapata@icloud.com', '085 9093531', '60 Drogheda Road, Drogheda'),
(95, 'Marvin', 'Al-Khazraji', 'marvin.al-khazraji@gmail.com', '084 8751090', '134 Bray Road, Bray'),
(96, 'Tahar', 'Jia', 'tahar.jia@icloud.com', '084 9730455', '48 Limerick Road, Limerick'),
(97, 'Dodji', 'Drammeh', 'dodji.drammeh@icloud.com', '083 1886242', '60 Kilkenny Road, Kilkenny'),
(98, 'Aya', 'Price', 'aya.price@gmail.com', '085 7897486', '181 Ennis Road, Ennis'),
(99, 'Ufuk', 'Ivanov', 'ufuk.ivanov@gmail.com', '085 0374878', '127 Mullingar Road, Mullingar'),
(100, 'Lodewijk', 'Garrett', 'lodewijk.garrett@outlook.com', '086 4563224', '30 Drogheda Road, Drogheda'),
(101, 'Ernest', 'Antelo', 'ernest.antelo@gmail.com', '084 7698648', '162 Dundalk Road, Dundalk'),
(102, 'Malik', 'Feng', 'malik.feng@outlook.com', '086 9828342', '14 Kilkenny Road, Kilkenny'),
(103, 'Victor', 'Jeenbekov', 'victor.jeenbekov@icloud.com', '086 3040170', '187 Carlow Road, Carlow'),
(104, 'Lancuba', 'Nimr', 'lancuba.nimr@yahoo.com', '083 1801122', '200 Sligo Road, Sligo'),
(105, 'Sanija', 'Habib', 'sanija.habib@hotmail.com', '086 2317251', '194 Mullingar Road, Mullingar'),
(106, 'John', 'Agba', 'john.agba@gmail.com', '084 5195793', '52 Dublin Road, Dublin'),
(107, 'Maxim', 'Villaroel', 'maxim.villaroel@hotmail.com', '085 7113048', '68 Cork Road, Cork'),
(108, 'Ana', 'Zonzini', 'ana.zonzini@gmail.com', '085 7962580', '21 Dundalk Road, Dundalk'),
(109, 'Asterio', 'Abrahams', 'asterio.abrahams@icloud.com', '083 4964644', '170 Sligo Road, Sligo'),
(110, 'Ingigerður', 'Seif', 'ingigerður.seif@outlook.com', '085 2115248', '162 Dundalk Road, Dundalk'),
(111, 'Arvydas', 'Kacharava', 'arvydas.kacharava@hotmail.com', '086 9904633', '11 Limerick Road, Limerick'),
(112, 'Rati', 'Polák', 'rati.polák@gmail.com', '084 7788488', '110 Dundalk Road, Dundalk'),
(113, 'Yeama', 'Morales', 'yeama.morales@gmail.com', '085 5623252', '66 Bray Road, Bray'),
(114, 'Corrado', 'Mazur', 'corrado.mazur@icloud.com', '085 3226526', '166 Bray Road, Bray'),
(115, 'Silvia', 'Young', 'silvia.young@outlook.com', '085 4549779', '41 Dundalk Road, Dundalk'),
(116, 'Maureen', 'Varga', 'maureen.varga@yahoo.com', '084 0641094', '83 Ennis Road, Ennis'),
(117, 'Abubacar', 'El Filali', 'abubacar.el filali@gmail.com', '085 7102235', '26 Dublin Road, Dublin'),
(118, 'Haralds', 'Bergsdóttir', 'haralds.bergsdóttir@icloud.com', '083 7215549', '32 Sligo Road, Sligo'),
(119, 'Charles', 'Tupu', 'charles.tupu@icloud.com', '084 6520108', '167 Cork Road, Cork'),
(120, 'Michelle', 'Čadenović', 'michelle.čadenović@gmail.com', '085 0536102', '123 Cork Road, Cork'),
(121, 'Christian', 'Rice', 'christian.rice@hotmail.com', '086 0713320', '196 Waterford Road, Waterford'),
(122, 'Sandrine', 'Mahmoud', 'sandrine.mahmoud@yahoo.com', '085 3357441', '35 Sligo Road, Sligo'),
(123, 'Cvijeta', 'Chirino', 'cvijeta.chirino@gmail.com', '086 8999644', '197 Cork Road, Cork'),
(124, 'Gustave', 'Byamukama', 'gustave.byamukama@icloud.com', '086 1034705', '25 Athlone Road, Athlone'),
(125, 'Cristian', 'Stevens', 'cristian.stevens@gmail.com', '083 4013746', '64 Mullingar Road, Mullingar'),
(126, 'Felipe', 'Bais', 'felipe.bais@outlook.com', '086 5436037', '122 Dublin Road, Dublin'),
(127, 'Jaroslav', 'Briesen', 'jaroslav.briesen@yahoo.com', '084 0529874', '47 Bray Road, Bray'),
(128, 'Amar', 'Nahon', 'amar.nahon@hotmail.com', '086 6407563', '46 Galway Road, Galway'),
(129, 'Olivia', 'Tung', 'olivia.tung@gmail.com', '084 1360348', '75 Drogheda Road, Drogheda'),
(130, 'Čistoslava', 'Riveros', 'čistoslava.riveros@gmail.com', '086 8439001', '41 Limerick Road, Limerick'),
(131, 'Arthur', 'Vučković', 'arthur.vučković@yahoo.com', '086 5382989', '125 Maynooth Road, Maynooth'),
(132, 'Paul', 'Roque', 'paul.roque@icloud.com', '086 1380771', '152 Kilkenny Road, Kilkenny'),
(133, 'Hatim', 'Huisman', 'hatim.huisman@gmail.com', '083 9642134', '76 Kilkenny Road, Kilkenny'),
(134, 'Liam', 'Agostinho', 'liam.agostinho@hotmail.com', '085 6329156', '161 Wexford Road, Wexford'),
(135, 'Justin', 'Aventura', 'justin.aventura@yahoo.com', '085 2245984', '178 Tullamore Road, Tullamore'),
(136, 'Grace', 'Thura', 'grace.thura@icloud.com', '083 5214340', '78 Kilkenny Road, Kilkenny'),
(137, 'Jellan', 'Aas', 'jellan.aas@hotmail.com', '084 3240400', '182 Dublin Road, Dublin'),
(138, 'Mojeed', 'Kusumah', 'mojeed.kusumah@gmail.com', '085 8010520', '161 Dundalk Road, Dundalk'),
(139, 'Ilisapeci', 'Ibrahim', 'ilisapeci.ibrahim@gmail.com', '083 4393308', '128 Sligo Road, Sligo'),
(140, 'Tilak', 'Leonidis', 'tilak.leonidis@icloud.com', '085 6677240', '168 Wexford Road, Wexford'),
(141, 'Zaid', 'Koolman', 'zaid.koolman@outlook.com', '084 9849763', '81 Cork Road, Cork'),
(142, 'Esteban', 'Egilsson', 'esteban.egilsson@yahoo.com', '084 1899442', '196 Wexford Road, Wexford'),
(143, 'Germaine', 'Caldwell', 'germaine.caldwell@outlook.com', '086 0841638', '168 Drogheda Road, Drogheda'),
(144, 'Anssuf', 'Chng', 'anssuf.chng@icloud.com', '083 0730086', '80 Wexford Road, Wexford'),
(145, 'Dounia', 'Porcile', 'dounia.porcile@yahoo.com', '083 4335751', '176 Cork Road, Cork'),
(146, 'Tadeo', 'Tkach', 'tadeo.tkach@gmail.com', '086 7495998', '195 Letterkenny Road, Letterkenny'),
(147, 'Andrea', 'Maayan', 'andrea.maayan@yahoo.com', '086 9631852', '100 Tralee Road, Tralee'),
(148, 'Aziz', 'Fan', 'aziz.fan@gmail.com', '083 6792740', '86 Cork Road, Cork'),
(149, 'Fanomezana', 'Danzer', 'fanomezana.danzer@icloud.com', '084 4696566', '81 Sligo Road, Sligo'),
(150, 'Hamidou', 'Lombardo', 'hamidou.lombardo@hotmail.com', '083 3315433', '103 Sligo Road, Sligo'),
(151, 'Imran', 'Williamson', 'imran.williamson@hotmail.com', '083 2562310', '53 Dublin Road, Dublin'),
(152, 'Mark', 'Francis', 'mark.francis@outlook.com', '086 7322906', '53 Limerick Road, Limerick'),
(153, 'Syamir', 'Souprayen', 'syamir.souprayen@icloud.com', '083 6489373', '48 Kilkenny Road, Kilkenny'),
(154, 'Koen', 'Lafitte', 'koen.lafitte@outlook.com', '083 2888000', '198 Cork Road, Cork'),
(155, 'Romane', 'Odong', 'romane.odong@hotmail.com', '084 3026565', '146 Drogheda Road, Drogheda'),
(156, 'Nazira', 'West', 'nazira.west@yahoo.com', '084 5549432', '79 Dublin Road, Dublin'),
(157, 'Nosipho', 'Caprilies', 'nosipho.caprilies@yahoo.com', '083 5667568', '8 Bray Road, Bray'),
(158, 'Michal', 'Morisset', 'michal.morisset@hotmail.com', '085 5928533', '177 Drogheda Road, Drogheda'),
(159, 'Xiao Hong', 'Reid', 'xiao hong.reid@hotmail.com', '084 5438137', '90 Letterkenny Road, Letterkenny'),
(160, 'Khadija', 'Riedler', 'khadija.riedler@icloud.com', '085 7566622', '142 Cork Road, Cork'),
(161, 'Thomas', 'Darwish', 'thomas.darwish@yahoo.com', '083 9579388', '16 Naas Road, Naas'),
(162, 'Wing Yi', 'Al-Qadi', 'wing yi.al-qadi@yahoo.com', '086 9855287', '44 Limerick Road, Limerick'),
(163, 'Magtymguly', 'Chong', 'magtymguly.chong@gmail.com', '085 4905583', '8 Drogheda Road, Drogheda'),
(164, 'Kailash', 'Qelaj', 'kailash.qelaj@icloud.com', '083 9352586', '153 Naas Road, Naas'),
(165, 'Hernán', 'Reynolds', 'hernán.reynolds@hotmail.com', '084 1955721', '183 Mullingar Road, Mullingar'),
(166, 'Seun', 'Xozame', 'seun.xozame@gmail.com', '085 2423224', '50 Naas Road, Naas'),
(167, 'Nosir', 'Nakato', 'nosir.nakato@outlook.com', '084 8886498', '1 Galway Road, Galway'),
(168, 'Sharif', 'Ingram', 'sharif.ingram@icloud.com', '084 4217127', '163 Bray Road, Bray'),
(169, 'Patrice', 'Price', 'patrice.price@icloud.com', '084 8614239', '17 Bray Road, Bray'),
(170, 'Dylan', 'Al-Rashed', 'dylan.al-rashed@outlook.com', '083 7902099', '37 Tullamore Road, Tullamore'),
(171, 'Shanti', 'Tiendrébéogo', 'shanti.tiendrébéogo@outlook.com', '086 5769449', '54 Galway Road, Galway'),
(172, 'Avraham', 'Al-Attas', 'avraham.al-attas@outlook.com', '084 2384856', '97 Letterkenny Road, Letterkenny'),
(173, 'Brian', 'Pridham', 'brian.pridham@yahoo.com', '085 2184275', '153 Galway Road, Galway'),
(174, 'Ibtissem', 'Bakineti', 'ibtissem.bakineti@outlook.com', '083 8945301', '7 Dublin Road, Dublin'),
(175, 'Adnan', 'Lebon', 'adnan.lebon@hotmail.com', '083 1993876', '139 Cork Road, Cork'),
(176, 'Lijera', 'Lehane', 'lijera.lehane@hotmail.com', '086 4194070', '33 Cork Road, Cork'),
(177, 'Fatim', 'Gama', 'fatim.gama@outlook.com', '084 5258229', '137 Waterford Road, Waterford'),
(178, 'Moisés', 'Zenunović', 'moisés.zenunović@yahoo.com', '083 7956179', '188 Ennis Road, Ennis'),
(179, 'Gerald', 'Davis', 'gerald.davis@gmail.com', '083 0305010', '89 Carlow Road, Carlow'),
(180, 'Tyrone', 'Mjelde', 'tyrone.mjelde@icloud.com', '086 8305672', '182 Kilkenny Road, Kilkenny'),
(181, 'Cornelis', 'Nunoo', 'cornelis.nunoo@gmail.com', '085 1282575', '186 Galway Road, Galway'),
(182, 'Ángel', 'Malinga', 'ángel.malinga@gmail.com', '084 4716100', '181 Carlow Road, Carlow'),
(183, 'Raúl', 'Kia', 'raúl.kia@outlook.com', '083 6566524', '92 Letterkenny Road, Letterkenny'),
(184, 'Lucie', 'Ghazaryan', 'lucie.ghazaryan@hotmail.com', '083 2469583', '29 Maynooth Road, Maynooth'),
(185, 'Denise', 'Ahmed', 'denise.ahmed@outlook.com', '085 5598118', '189 Dublin Road, Dublin'),
(186, 'Tanya', 'Polák', 'tanya.polák@outlook.com', '086 1767506', '52 Ennis Road, Ennis'),
(187, 'Khadija', 'Illidge-Dijkhuizen', 'khadija.illidge-dijkhuizen@outlook.com', '085 1185820', '80 Tralee Road, Tralee'),
(188, 'Rita', 'Ndiop', 'rita.ndiop@icloud.com', '086 0082074', '171 Letterkenny Road, Letterkenny'),
(189, 'Juan', 'Acosta', 'juan.acosta@gmail.com', '086 3311982', '10 Cork Road, Cork'),
(190, 'Konan', 'Le Brun', 'konan.le brun@gmail.com', '083 8267601', '18 Dundalk Road, Dundalk'),
(191, 'Ernesto', 'Bamogo', 'ernesto.bamogo@outlook.com', '085 0926684', '14 Letterkenny Road, Letterkenny'),
(192, 'Deolinda', 'Al Sada', 'deolinda.al sada@outlook.com', '086 4181738', '113 Limerick Road, Limerick'),
(193, 'Sofie', 'Gugsa', 'sofie.gugsa@gmail.com', '086 4176226', '45 Naas Road, Naas'),
(194, 'Shaima', 'George', 'shaima.george@icloud.com', '083 2051103', '119 Maynooth Road, Maynooth'),
(195, 'James', 'Ibáñez', 'james.ibáñez@yahoo.com', '084 8979184', '41 Mullingar Road, Mullingar'),
(196, 'Wilber', 'Sanyal', 'wilber.sanyal@gmail.com', '083 6968445', '154 Dublin Road, Dublin'),
(197, '雅惠', 'Brítez', '雅惠.brítez@gmail.com', '086 4988925', '98 Ennis Road, Ennis'),
(198, 'Jožica', 'Nsue', 'jožica.nsue@outlook.com', '084 3100874', '160 Maynooth Road, Maynooth'),
(199, 'Emma', 'Bwemwij', 'emma.bwemwij@outlook.com', '085 6705261', '115 Dublin Road, Dublin'),
(200, 'Neville', 'Al-Tarawneh', 'neville.al-tarawneh@outlook.com', '083 6276784', '115 Drogheda Road, Drogheda');


-- fabricate-flush


INSERT INTO `DEPARTMENTS` (`department_id`, `dep_name`) VALUES
(1, 'Circulation'),
(2, 'Reference'),
(3, 'Children''s'),
(4, 'IT'),
(5, 'Administration'),
(6, 'Acquisitions'),
(7, 'Digital Services'),
(8, 'Special Collections'),
(9, 'Outreach'),
(10, 'Cataloguing');


-- fabricate-flush


INSERT INTO `DEVICES` (`serial_no`, `dev_name`, `brand`, `cost`, `warranty_end`, `supplier_id`) VALUES
('LPT-YEYWJ5GEI9', 'Laptop 1', 'Lenovo', 814.24, '2028-09-01', 7),
('LPT-YEYWCJOOPU', 'Laptop 2', 'Dell', 613.67, '2025-09-01', 18),
('LPT-YEYXOZKEUF', 'Laptop 3', 'ASUS', 1019.54, '2027-03-01', 20),
('LPT-YEYXXR6E2O', 'Laptop 4', 'Apple', 955.04, '2024-12-01', 19),
('LPT-YEYX1HJ3KJ', 'Laptop 5', 'HP', 1138.99, '2026-11-01', 1),
('LPT-YEYXTV1HJS', 'Laptop 6', 'Acer', 854.93, '2026-10-01', 12),
('LPT-YEYXNCBGF7', 'Laptop 7', 'Lenovo', 460.93, '2025-09-01', 8),
('LPT-YEYXHAUPML', 'Laptop 8', 'Acer', 768.01, '2027-06-01', 14),
('LPT-YEYXRA9CVW', 'Laptop 9', 'ASUS', 729.04, '2027-09-01', 3),
('LPT-YEYXAGBP40', 'Laptop 10', 'HP', 610.84, '2027-09-01', 8),
('LPT-YEYX1HY0OD', 'Laptop 11', 'Acer', 1180.78, '2026-11-01', 13),
('LPT-YEYXH68KV9', 'Laptop 12', 'HP', 762.61, '2024-08-01', 8),
('LPT-YEYXPMZHQH', 'Laptop 13', 'ASUS', 1057.37, '2025-09-01', 13),
('LPT-YEYX20R6GE', 'Laptop 14', 'ASUS', 1147.76, '2026-02-01', 9),
('LPT-YEYXAZKC6K', 'Laptop 15', 'Lenovo', 550.03, '2027-08-01', 16),
('LPT-YEYXK3Q6L5', 'Laptop 16', 'Apple', 1184.53, '2027-07-01', 13),
('LPT-YEYXHFF4ON', 'Laptop 17', 'Lenovo', 676.55, '2026-09-01', 15),
('LPT-YEYXN9CO0A', 'Laptop 18', 'HP', 1050.95, '2025-08-01', 7),
('LPT-YEYXK2ASOV', 'Laptop 19', 'Lenovo', 1118.13, '2025-05-01', 12),
('LPT-YEYXIH03XL', 'Laptop 20', 'Apple', 581.71, '2026-10-01', 15),
('LPT-YEYXW0LA79', 'Laptop 21', 'Apple', 525.08, '2027-05-01', 10),
('LPT-YEYXZDN18B', 'Laptop 22', 'HP', 400.79, '2026-04-01', 4),
('LPT-YEYXB0KXN5', 'Laptop 23', 'Acer', 658.59, '2025-12-01', 8),
('LPT-YEYXQ8MYRS', 'Laptop 24', 'Lenovo', 700.76, '2027-09-01', 3),
('LPT-YEYX3GCJCC', 'Laptop 25', 'Acer', 540.63, '2025-02-01', 4),
('TAB-YEYX8J2W08', 'Tablet 1', 'Apple iPad', 554.56, '2027-04-01', 10),
('TAB-YEYX3RSXKG', 'Tablet 2', 'Lenovo Tab', 354.32, '2026-06-01', 10),
('TAB-YEYXUJCJGW', 'Tablet 3', 'Apple iPad', 251.6, '2026-04-01', 1),
('TAB-YEYX9D9MLO', 'Tablet 4', 'Amazon Fire', 486.01, '2025-10-01', 14),
('TAB-YEYXORJ3UA', 'Tablet 5', 'Amazon Fire', 433.95, '2027-09-01', 9),
('TAB-YEYXEQOJPG', 'Tablet 6', 'Samsung Galaxy Tab', 526.45, '2027-12-01', 7),
('TAB-YEYXZ6SA1E', 'Tablet 7', 'Amazon Fire', 275.31, '2028-03-01', 10),
('TAB-YEYX9SNYLW', 'Tablet 8', 'Lenovo Tab', 667.79, '2026-09-01', 7),
('TAB-YEYXGXOZOE', 'Tablet 9', 'Apple iPad', 405.34, '2028-06-01', 17),
('TAB-YEYXBPUJGY', 'Tablet 10', 'Amazon Fire', 574.02, '2027-05-01', 12),
('TAB-YEYX4M1Z9V', 'Tablet 11', 'Lenovo Tab', 508.8, '2024-09-01', 20),
('TAB-YEYXAAHFDG', 'Tablet 12', 'Samsung Galaxy Tab', 477.54, '2029-03-01', 5),
('TAB-YEYXQ0INQL', 'Tablet 13', 'Samsung Galaxy Tab', 678.2, '2026-07-01', 15),
('TAB-YEYXX6B1XR', 'Tablet 14', 'Apple iPad', 245.76, '2028-01-01', 11),
('TAB-YEYXFU24B1', 'Tablet 15', 'Amazon Fire', 341.4, '2026-04-01', 2),
('TAB-YEYX6A6M0X', 'Tablet 16', 'Apple iPad', 577.39, '2026-10-01', 9),
('TAB-YEYX49PLZZ', 'Tablet 17', 'Lenovo Tab', 215.03, '2025-02-01', 4),
('TAB-YEYX1FT6ZO', 'Tablet 18', 'Samsung Galaxy Tab', 421.58, '2026-05-01', 13),
('TAB-YEYXWFZOVN', 'Tablet 19', 'Lenovo Tab', 238.14, '2026-12-01', 7),
('TAB-YEYXQ2DJEB', 'Tablet 20', 'Amazon Fire', 332.23, '2027-12-01', 2),
('ERD-YEYXWZSS44', 'E-Reader 1', 'Amazon Kindle', 227.14, '2026-07-01', 1),
('ERD-YEYXI46K3D', 'E-Reader 2', 'Amazon Kindle', 105.13, '2026-01-01', 12),
('ERD-YEYXK7R888', 'E-Reader 3', 'Kobo', 213.66, '2024-06-01', 12),
('ERD-YEYXJK5Y8V', 'E-Reader 4', 'PocketBook', 164.23, '2025-03-01', 3),
('ERD-YEYXRR4HTU', 'E-Reader 5', 'Amazon Kindle', 145.93, '2026-04-01', 16),
('ERD-YEYXEHUMP2', 'E-Reader 6', 'Amazon Kindle', 127.89, '2028-11-01', 16),
('ERD-YEYX3PYII6', 'E-Reader 7', 'Amazon Kindle', 181.74, '2026-05-01', 11),
('ERD-YEYX3OJAY1', 'E-Reader 8', 'Amazon Kindle', 192.19, '2026-03-01', 16),
('ERD-YEYXDL3EOO', 'E-Reader 9', 'Amazon Kindle', 239.55, '2028-07-01', 13),
('ERD-YEYXQ0JOL1', 'E-Reader 10', 'Amazon Kindle', 151.54, '2027-09-01', 8),
('ERD-YEYXR5HQ4Q', 'E-Reader 11', 'Kobo', 203.45, '2028-12-01', 1),
('ERD-YEYX3M2QZ1', 'E-Reader 12', 'PocketBook', 194.85, '2027-12-01', 3),
('ERD-YEYXPTAGBJ', 'E-Reader 13', 'Kobo', 247.96, '2028-05-01', 8),
('ERD-YEYXG4MK14', 'E-Reader 14', 'Kobo', 130.02, '2026-11-01', 9),
('ERD-YEYXVYAKTL', 'E-Reader 15', 'Kobo', 249.84, '2028-07-01', 18),
('CHR-YEYXZ2FBEH', 'Chromebook 1', 'Samsung', 360.33, '2028-05-01', 7),
('CHR-YEYXERWPSY', 'Chromebook 2', 'HP', 242.79, '2027-03-01', 20),
('CHR-YEYXHBC3S7', 'Chromebook 3', 'HP', 406.8, '2027-04-01', 17),
('CHR-YEYXZXEPG5', 'Chromebook 4', 'ASUS', 375.95, '2027-03-01', 12),
('CHR-YEYX3PHC1H', 'Chromebook 5', 'Lenovo', 293.19, '2026-06-01', 15),
('CHR-YEYXZJO4P4', 'Chromebook 6', 'Samsung', 321.04, '2025-09-01', 19),
('CHR-YEYX408H8Z', 'Chromebook 7', 'Acer', 279.82, '2026-04-01', 20),
('CHR-YEYXW1LLEF', 'Chromebook 8', 'Samsung', 373.06, '2027-04-01', 7),
('CHR-YEYXY3XTCG', 'Chromebook 9', 'ASUS', 243.67, '2026-08-01', 14),
('CHR-YEYXYYMSNS', 'Chromebook 10', 'Acer', 245.96, '2026-08-01', 1),
('CHR-YEYX5RDQWV', 'Chromebook 11', 'Lenovo', 359.52, '2026-08-01', 16),
('CHR-YEYXMTUT54', 'Chromebook 12', 'Lenovo', 312.51, '2026-01-01', 6),
('HPH-YEYXKDCKD9', 'Headphones 1', 'Sony', 342.38, '2025-10-01', 8),
('HPH-YEYXBPUNNP', 'Headphones 2', 'JBL', 97.54, '2026-12-01', 13),
('HPH-YEYXVZPNE7', 'Headphones 3', 'Sony', 142.54, '2026-04-01', 15),
('HPH-YEYXI2JAGL', 'Headphones 4', 'Sennheiser', 112.98, '2026-03-01', 17),
('HPH-YEYX2GDJQH', 'Headphones 5', 'Bose', 178.59, '2024-09-01', 13),
('HPH-YEYXBXDZ64', 'Headphones 6', 'Sennheiser', 343.7, '2027-06-01', 8),
('HPH-YEYXYUI6HH', 'Headphones 7', 'Sennheiser', 117.09, '2025-10-01', 9),
('HPH-YEYX98BHKD', 'Headphones 8', 'JBL', 240.82, '2027-12-01', 13);


-- fabricate-flush


INSERT INTO `DEVICE_STATUS` (`serial_no`, `status_id`, `descriptions`, `last_update`, `condition_id`, `loc_id`) VALUES
('CHR-YEYX3PHC1H', 1, 'Available on shelf', '2026-03-05', 3, 17),
('CHR-YEYX408H8Z', 1, 'Ready for loan', '2026-03-07', 2, 19),
('CHR-YEYX5RDQWV', 2, 'With borrower', '2025-12-01', 2, 35),
('CHR-YEYXERWPSY', 6, 'Awaiting parts', '2026-02-11', 2, 16),
('CHR-YEYXHBC3S7', 6, 'Awaiting parts', '2026-03-18', 3, 11),
('CHR-YEYXMTUT54', 1, 'Checked and ready', '2026-02-06', 2, 8),
('CHR-YEYXW1LLEF', 1, 'Fully charged', '2025-10-05', 1, 30),
('CHR-YEYXY3XTCG', 1, 'Ready for loan', '2025-10-21', 2, 30),
('CHR-YEYXYYMSNS', 2, 'Loaned out', '2025-12-23', 3, 3),
('CHR-YEYXZ2FBEH', 5, 'Physical damage noted', '2025-12-13', 5, 27),
('CHR-YEYXZJO4P4', 1, 'Available on shelf', '2025-12-07', 1, 29),
('CHR-YEYXZXEPG5', 2, 'With borrower', '2025-11-25', 4, 29),
('ERD-YEYX3M2QZ1', 1, 'Fully charged', '2026-03-12', 2, 34),
('ERD-YEYX3OJAY1', 1, 'Available on shelf', '2025-12-10', 2, 23),
('ERD-YEYX3PYII6', 1, 'Ready for loan', '2025-10-10', 2, 35),
('ERD-YEYXDL3EOO', 6, 'Awaiting parts', '2025-11-11', 5, 17),
('ERD-YEYXEHUMP2', 1, 'Checked and ready', '2026-01-28', 2, 17),
('ERD-YEYXG4MK14', 1, 'Available on shelf', '2025-11-18', 1, 16),
('ERD-YEYXI46K3D', 1, 'Checked and ready', '2025-11-03', 2, 8),
('ERD-YEYXJK5Y8V', 1, 'Ready for loan', '2026-03-19', 2, 19),
('ERD-YEYXK7R888', 2, 'With borrower', '2026-01-28', 3, 20),
('ERD-YEYXPTAGBJ', 1, 'Ready for loan', '2025-12-13', 2, 15),
('ERD-YEYXQ0JOL1', 1, 'Fully charged', '2026-02-22', 3, 28),
('ERD-YEYXR5HQ4Q', 1, 'Ready for loan', '2025-12-08', 3, 7),
('ERD-YEYXRR4HTU', 1, 'Checked and ready', '2026-03-31', 2, 9),
('ERD-YEYXVYAKTL', 3, 'Reserved for pickup', '2025-12-16', 2, 9),
('ERD-YEYXWZSS44', 6, 'Battery replacement', '2026-01-12', 3, 18),
('HPH-YEYX2GDJQH', 1, 'Available on shelf', '2025-11-12', 2, 33),
('HPH-YEYX98BHKD', 1, 'Ready for loan', '2025-11-29', 3, 12),
('HPH-YEYXBPUNNP', 2, 'Loaned out', '2025-11-07', 3, 10),
('HPH-YEYXBXDZ64', 1, 'Checked and ready', '2025-12-22', 1, 12),
('HPH-YEYXI2JAGL', 1, 'Ready for loan', '2026-01-01', 4, 6),
('HPH-YEYXKDCKD9', 1, 'Ready for loan', '2025-11-06', 3, 8),
('HPH-YEYXVZPNE7', 1, 'Available on shelf', '2026-03-02', 3, 14),
('HPH-YEYXYUI6HH', 1, 'Fully charged', '2025-11-04', 3, 30),
('LPT-YEYWCJOOPU', 1, 'Available on shelf', '2025-11-21', 2, 4),
('LPT-YEYWJ5GEI9', 1, 'Ready for loan', '2026-02-08', 3, 26),
('LPT-YEYX1HJ3KJ', 1, 'Fully charged', '2026-03-01', 2, 13),
('LPT-YEYX1HY0OD', 1, 'Checked and ready', '2025-12-09', 1, 19),
('LPT-YEYX20R6GE', 2, 'With borrower', '2025-11-17', 1, 6),
('LPT-YEYX3GCJCC', 1, 'Checked and ready', '2025-11-12', 2, 2),
('LPT-YEYXAGBP40', 1, 'Checked and ready', '2026-01-10', 3, 19),
('LPT-YEYXAZKC6K', 1, 'Checked and ready', '2025-11-30', 2, 1),
('LPT-YEYXB0KXN5', 2, 'Currently on loan', '2025-12-14', 2, 26),
('LPT-YEYXH68KV9', 2, 'Loaned out', '2025-10-20', 2, 36),
('LPT-YEYXHAUPML', 1, 'Available on shelf', '2026-01-18', 2, 11),
('LPT-YEYXHFF4ON', 3, 'Reserved for pickup', '2025-11-07', 3, 17),
('LPT-YEYXIH03XL', 1, 'Available on shelf', '2025-11-14', 2, 13),
('LPT-YEYXK2ASOV', 1, 'Checked and ready', '2025-10-22', 2, 12),
('LPT-YEYXK3Q6L5', 1, 'Ready for loan', '2025-11-07', 3, 29),
('LPT-YEYXN9CO0A', 1, 'Available on shelf', '2025-11-21', 2, 36),
('LPT-YEYXNCBGF7', 1, 'Checked and ready', '2025-10-26', 3, 33),
('LPT-YEYXOZKEUF', 2, 'Loaned out', '2025-10-22', 2, 32),
('LPT-YEYXPMZHQH', 1, 'Fully charged', '2026-03-30', 3, 2),
('LPT-YEYXQ8MYRS', 1, 'Ready for loan', '2026-03-03', 3, 36),
('LPT-YEYXRA9CVW', 1, 'Ready for loan', '2026-02-12', 2, 11),
('LPT-YEYXTV1HJS', 1, 'Available on shelf', '2025-12-08', 2, 6),
('LPT-YEYXW0LA79', 1, 'Checked and ready', '2026-02-14', 2, 6),
('LPT-YEYXXR6E2O', 1, 'Ready for loan', '2026-03-30', 1, 31),
('LPT-YEYXZDN18B', 2, 'Loaned out', '2026-01-10', 1, 27),
('TAB-YEYX1FT6ZO', 2, 'Loaned out', '2026-01-13', 3, 20),
('TAB-YEYX3RSXKG', 1, 'Ready for loan', '2026-02-24', 2, 27),
('TAB-YEYX49PLZZ', 1, 'Ready for loan', '2026-02-18', 2, 33),
('TAB-YEYX4M1Z9V', 2, 'Currently on loan', '2025-12-06', 1, 1),
('TAB-YEYX6A6M0X', 1, 'Fully charged', '2026-03-21', 2, 28),
('TAB-YEYX8J2W08', 1, 'Checked and ready', '2026-01-17', 4, 23),
('TAB-YEYX9D9MLO', 1, 'Available on shelf', '2025-12-26', 4, 4),
('TAB-YEYX9SNYLW', 3, 'Awaiting collection', '2026-01-28', 1, 13),
('TAB-YEYXAAHFDG', 2, 'Loaned out', '2026-01-14', 2, 5),
('TAB-YEYXBPUJGY', 1, 'Checked and ready', '2025-12-15', 2, 34),
('TAB-YEYXEQOJPG', 2, 'With borrower', '2026-02-21', 3, 11),
('TAB-YEYXFU24B1', 3, 'Awaiting collection', '2025-12-10', 3, 36),
('TAB-YEYXGXOZOE', 2, 'Loaned out', '2025-12-13', 2, 5),
('TAB-YEYXORJ3UA', 1, 'Ready for loan', '2025-12-02', 1, 20),
('TAB-YEYXQ0INQL', 1, 'Available on shelf', '2026-03-19', 3, 22),
('TAB-YEYXQ2DJEB', 1, 'Fully charged', '2026-03-12', 4, 30),
('TAB-YEYXUJCJGW', 1, 'Fully charged', '2025-10-16', 2, 33),
('TAB-YEYXWFZOVN', 1, 'Available on shelf', '2025-12-25', 3, 22),
('TAB-YEYXX6B1XR', 1, 'Ready for loan', '2025-12-08', 2, 1),
('TAB-YEYXZ6SA1E', 2, 'Loaned out', '2026-01-04', 2, 27);


-- fabricate-flush


INSERT INTO `FINES` (`length_overdue`, `fine_amount`) VALUES
(1, 0.2),
(2, 0.4),
(3, 0.6),
(4, 0.8),
(5, 1),
(6, 1.2),
(7, 1.4),
(8, 1.8),
(9, 2.2),
(10, 2.6),
(11, 3),
(12, 3.4),
(13, 3.8),
(14, 4.2),
(15, 4.8),
(16, 5.4),
(17, 6),
(18, 6.6),
(19, 7.2),
(20, 7.8),
(21, 8.4),
(22, 9),
(23, 9.6),
(24, 10.2),
(25, 10.8),
(26, 11.4),
(27, 12),
(28, 12.6),
(29, 13.2),
(30, 13.8),
(31, 15);


-- fabricate-flush


INSERT INTO `GENRES` (`genre_id`, `genre`) VALUES
(1, 'Fiction'),
(2, 'Non-Fiction'),
(3, 'Sci-Fi'),
(4, 'Fantasy'),
(5, 'Mystery'),
(6, 'Romance'),
(7, 'Thriller'),
(8, 'Biography'),
(9, 'History'),
(10, 'Science'),
(11, 'Children''s'),
(12, 'Poetry'),
(13, 'Horror'),
(14, 'Self-Help'),
(15, 'Philosophy'),
(16, 'Travel'),
(17, 'Art'),
(18, 'Cooking');


-- fabricate-flush


INSERT INTO `LANGUAGES` (`language_id`, `language_book`) VALUES
(1, 'English'),
(2, 'Irish'),
(3, 'French'),
(4, 'German'),
(5, 'Spanish'),
(6, 'Italian'),
(7, 'Polish'),
(8, 'Portuguese'),
(9, 'Mandarin'),
(10, 'Arabic'),
(11, 'Japanese'),
(12, 'Russian'),
(13, 'Korean'),
(14, 'Dutch');


-- fabricate-flush


INSERT INTO `LOANS` (`loan_id`, `customer_id`, `book_id`, `device_id`, `date_borrowed`, `due_date`, `return_date`) VALUES
(1, 13, 383, NULL, '2020-01-24', '2020-02-11', '2020-02-04'),
(2, 148, 111, NULL, '2020-01-25', '2020-02-11', NULL),
(3, 122, NULL, 'ERD-YEYXQ0JOL1', '2020-01-26', '2020-01-31', '2020-01-27'),
(4, 161, 101, NULL, '2020-01-27', '2020-02-24', '2020-02-24'),
(5, 192, 321, NULL, '2020-01-27', '2020-02-15', '2020-03-03'),
(6, 43, 13, NULL, '2020-02-04', '2020-03-01', NULL),
(7, 181, 297, NULL, '2020-02-06', '2020-02-22', NULL),
(8, 68, 482, NULL, '2020-02-15', '2020-03-09', '2020-03-21'),
(9, 106, 17, NULL, '2020-02-17', '2020-03-16', NULL),
(10, 129, 244, NULL, '2020-02-22', '2020-03-19', '2020-02-24'),
(11, 126, NULL, 'LPT-YEYX1HY0OD', '2020-02-23', '2020-03-01', NULL),
(12, 54, 328, NULL, '2020-03-10', '2020-04-02', '2020-03-19'),
(13, 21, 279, NULL, '2020-03-10', '2020-03-28', '2020-03-14'),
(14, 183, 490, NULL, '2020-03-14', '2020-03-29', '2020-03-23'),
(15, 11, 104, NULL, '2020-03-22', '2020-04-08', '2020-04-02'),
(16, 133, NULL, 'TAB-YEYXORJ3UA', '2020-04-05', '2020-04-11', NULL),
(17, 26, 415, NULL, '2020-04-05', '2020-04-20', '2020-04-17'),
(18, 71, 339, NULL, '2020-04-07', '2020-04-26', NULL),
(19, 140, NULL, 'LPT-YEYXXR6E2O', '2020-04-19', '2020-04-25', NULL),
(20, 92, 127, NULL, '2020-04-21', '2020-05-16', '2020-05-09'),
(21, 58, 135, NULL, '2020-05-09', '2020-05-24', '2020-05-12'),
(22, 73, 487, NULL, '2020-05-10', '2020-06-05', '2020-05-28'),
(23, 176, NULL, 'TAB-YEYX8J2W08', '2020-05-28', '2020-06-01', '2020-05-29'),
(24, 53, 194, NULL, '2020-06-03', '2020-06-18', '2020-07-16'),
(25, 140, NULL, 'TAB-YEYX3RSXKG', '2020-06-06', '2020-06-07', NULL),
(26, 156, 222, NULL, '2020-06-10', '2020-07-04', '2020-06-28'),
(27, 7, 242, NULL, '2020-06-14', '2020-07-06', '2020-06-29'),
(28, 22, NULL, 'TAB-YEYX9SNYLW', '2020-06-17', '2020-06-24', '2020-07-02'),
(29, 47, 216, NULL, '2020-06-17', '2020-07-09', '2020-06-23'),
(30, 56, 215, NULL, '2020-06-18', '2020-07-06', '2020-06-20'),
(31, 166, 496, NULL, '2020-06-23', '2020-07-19', '2020-07-15'),
(32, 54, 401, NULL, '2020-07-05', '2020-07-28', '2020-07-15'),
(33, 88, 446, NULL, '2020-07-06', '2020-07-21', '2020-07-19'),
(34, 132, NULL, 'LPT-YEYXK2ASOV', '2020-07-17', '2020-07-18', '2020-07-18'),
(35, 67, 184, NULL, '2020-07-24', '2020-08-18', '2020-08-11'),
(36, 177, 196, NULL, '2020-07-25', '2020-08-15', NULL),
(37, 142, 484, NULL, '2020-07-26', '2020-08-09', '2020-08-07'),
(38, 51, 237, NULL, '2020-08-03', '2020-08-20', '2020-09-02'),
(39, 178, 75, NULL, '2020-08-03', '2020-08-22', '2020-08-19'),
(40, 43, 269, NULL, '2020-08-08', '2020-08-24', '2020-08-24'),
(41, 148, 325, NULL, '2020-08-13', '2020-09-10', '2020-09-28'),
(42, 97, 348, NULL, '2020-08-18', '2020-09-08', '2020-08-20'),
(43, 40, 392, NULL, '2020-08-23', '2020-09-10', '2020-09-02'),
(44, 197, NULL, 'CHR-YEYXW1LLEF', '2020-09-01', '2020-09-07', '2020-09-07'),
(45, 17, 474, NULL, '2020-09-07', '2020-10-05', NULL),
(46, 188, 301, NULL, '2020-09-09', '2020-10-07', NULL),
(47, 30, 445, NULL, '2020-10-05', '2020-10-31', NULL),
(48, 130, 65, NULL, '2020-10-05', '2020-10-25', '2020-10-25'),
(49, 161, 312, NULL, '2020-10-23', '2020-11-07', '2020-10-25'),
(50, 51, 208, NULL, '2020-11-01', '2020-11-16', '2020-11-14'),
(51, 4, 136, NULL, '2020-11-09', '2020-11-24', NULL),
(52, 192, NULL, 'LPT-YEYXAZKC6K', '2020-11-23', '2020-11-25', NULL),
(53, 144, 407, NULL, '2020-12-07', '2020-12-28', '2021-01-22'),
(54, 87, 171, NULL, '2020-12-11', '2021-01-02', '2021-01-23'),
(55, 121, 81, NULL, '2020-12-19', '2021-01-03', '2020-12-26'),
(56, 187, 169, NULL, '2020-12-22', '2021-01-18', NULL),
(57, 13, 143, NULL, '2021-01-01', '2021-01-29', '2021-01-27'),
(58, 44, 264, NULL, '2021-01-05', '2021-01-28', '2021-01-17'),
(59, 78, 184, NULL, '2021-01-09', '2021-02-03', '2021-01-27'),
(60, 169, 420, NULL, '2021-01-11', '2021-02-07', '2021-01-22'),
(61, 86, 52, NULL, '2021-01-18', '2021-02-03', NULL),
(62, 151, NULL, 'TAB-YEYXUJCJGW', '2021-01-22', '2021-01-25', '2021-02-24'),
(63, 69, 444, NULL, '2021-01-24', '2021-02-12', '2021-02-01'),
(64, 178, 312, NULL, '2021-01-27', '2021-02-15', NULL),
(65, 58, 295, NULL, '2021-02-06', '2021-03-01', NULL),
(66, 27, 86, NULL, '2021-02-09', '2021-02-27', '2021-02-14'),
(67, 157, 129, NULL, '2021-02-12', '2021-02-28', '2021-02-25'),
(68, 107, 434, NULL, '2021-02-17', '2021-03-03', NULL),
(69, 86, 286, NULL, '2021-02-28', '2021-03-21', '2021-04-02'),
(70, 161, 131, NULL, '2021-03-12', '2021-03-31', NULL),
(71, 82, 114, NULL, '2021-03-14', '2021-04-08', '2021-05-07'),
(72, 19, 320, NULL, '2021-03-20', '2021-04-16', '2021-04-10'),
(73, 126, 421, NULL, '2021-03-30', '2021-04-18', '2021-05-13'),
(74, 75, 347, NULL, '2021-04-01', '2021-04-16', '2021-04-03'),
(75, 78, 358, NULL, '2021-04-07', '2021-04-29', '2021-05-03'),
(76, 29, NULL, 'ERD-YEYXRR4HTU', '2021-04-13', '2021-04-17', NULL),
(77, 117, 365, NULL, '2021-04-13', '2021-04-30', '2021-04-19'),
(78, 10, 475, NULL, '2021-04-14', '2021-05-01', NULL),
(79, 136, 440, NULL, '2021-04-21', '2021-05-14', NULL),
(80, 149, 194, NULL, '2021-04-21', '2021-05-09', '2021-05-09'),
(81, 66, 429, NULL, '2021-04-24', '2021-05-18', '2021-04-28'),
(82, 44, 339, NULL, '2021-04-25', '2021-05-22', NULL),
(83, 21, 147, NULL, '2021-05-02', '2021-05-29', '2021-05-05'),
(84, 149, 328, NULL, '2021-05-17', '2021-06-11', '2021-06-08'),
(85, 195, 219, NULL, '2021-05-19', '2021-06-12', NULL),
(86, 4, 341, NULL, '2021-05-22', '2021-06-15', '2021-07-11'),
(87, 74, NULL, 'LPT-YEYXRA9CVW', '2021-05-28', '2021-06-02', '2021-06-10'),
(88, 171, 297, NULL, '2021-06-02', '2021-06-20', '2021-06-11'),
(89, 113, NULL, 'TAB-YEYXQ2DJEB', '2021-06-04', '2021-06-08', '2021-06-08'),
(90, 35, 11, NULL, '2021-06-04', '2021-07-02', NULL),
(91, 15, 261, NULL, '2021-06-06', '2021-07-03', '2021-06-12'),
(92, 140, NULL, 'ERD-YEYXG4MK14', '2021-06-26', '2021-06-30', '2021-07-16'),
(93, 68, 372, NULL, '2021-07-05', '2021-07-20', '2021-07-17'),
(94, 41, 116, NULL, '2021-07-14', '2021-08-06', NULL),
(95, 182, 159, NULL, '2021-07-15', '2021-08-12', '2021-09-04'),
(96, 141, 142, NULL, '2021-07-30', '2021-08-17', NULL),
(97, 138, 455, NULL, '2021-08-06', '2021-08-26', '2021-09-17'),
(98, 88, 115, NULL, '2021-08-08', '2021-09-01', '2021-08-09'),
(99, 164, 248, NULL, '2021-08-12', '2021-09-02', '2021-08-25'),
(100, 106, 477, NULL, '2021-08-12', '2021-08-27', '2021-08-30'),
(101, 66, 313, NULL, '2021-08-13', '2021-09-04', '2021-09-01'),
(102, 5, NULL, 'LPT-YEYXHFF4ON', '2021-08-17', '2021-08-19', '2021-08-19'),
(103, 187, NULL, 'LPT-YEYXXR6E2O', '2021-08-17', '2021-08-18', '2021-08-21'),
(104, 26, NULL, 'HPH-YEYXVZPNE7', '2021-08-19', '2021-08-24', '2021-09-20'),
(105, 133, 401, NULL, '2021-08-21', '2021-09-04', '2021-09-01'),
(106, 186, 367, NULL, '2021-08-26', '2021-09-12', '2021-09-03'),
(107, 153, 253, NULL, '2021-09-05', '2021-09-23', NULL),
(108, 1, NULL, 'ERD-YEYXK7R888', '2021-09-05', '2021-09-12', '2021-09-07'),
(109, 35, 59, NULL, '2021-09-05', '2021-10-02', '2021-09-16'),
(110, 153, 294, NULL, '2021-09-12', '2021-09-28', NULL),
(111, 81, 25, NULL, '2021-09-13', '2021-09-27', NULL),
(112, 76, NULL, 'LPT-YEYWJ5GEI9', '2021-09-16', '2021-09-18', '2021-09-18'),
(113, 79, 344, NULL, '2021-09-18', '2021-10-04', '2021-09-20'),
(114, 80, 150, NULL, '2021-09-20', '2021-10-06', NULL),
(115, 165, 252, NULL, '2021-09-27', '2021-10-16', '2021-10-23'),
(116, 20, 321, NULL, '2021-09-29', '2021-10-27', '2021-10-09'),
(117, 141, 48, NULL, '2021-10-02', '2021-10-28', '2021-10-14'),
(118, 185, 115, NULL, '2021-10-09', '2021-11-04', '2021-10-30'),
(119, 35, NULL, 'HPH-YEYXBXDZ64', '2021-10-15', '2021-10-21', NULL),
(120, 26, 53, NULL, '2021-10-17', '2021-11-07', '2021-11-03'),
(121, 109, NULL, 'HPH-YEYXBPUNNP', '2021-10-17', '2021-10-19', '2021-10-19'),
(122, 79, 258, NULL, '2021-10-25', '2021-11-12', NULL),
(123, 53, 380, NULL, '2021-11-01', '2021-11-19', '2021-11-17'),
(124, 178, 229, NULL, '2021-11-05', '2021-11-29', NULL),
(125, 153, 38, NULL, '2021-11-20', '2021-12-18', '2021-12-16'),
(126, 143, 22, NULL, '2021-11-21', '2021-12-11', '2022-01-08'),
(127, 119, 163, NULL, '2021-12-05', '2021-12-25', '2021-12-13'),
(128, 191, 226, NULL, '2021-12-07', '2021-12-27', '2021-12-22'),
(129, 116, 140, NULL, '2021-12-15', '2022-01-01', '2021-12-18'),
(130, 185, 306, NULL, '2022-01-03', '2022-01-19', NULL),
(131, 179, 210, NULL, '2022-01-12', '2022-01-28', '2022-01-31'),
(132, 176, 363, NULL, '2022-01-22', '2022-02-13', '2022-01-30'),
(133, 154, 219, NULL, '2022-01-25', '2022-02-09', '2022-02-03'),
(134, 62, 169, NULL, '2022-01-30', '2022-02-24', '2022-01-31'),
(135, 174, 379, NULL, '2022-02-01', '2022-02-20', '2022-02-19'),
(136, 80, 290, NULL, '2022-02-04', '2022-02-20', '2022-02-07'),
(137, 116, 174, NULL, '2022-02-14', '2022-03-08', '2022-02-18'),
(138, 105, 252, NULL, '2022-02-15', '2022-03-12', NULL),
(139, 32, 393, NULL, '2022-02-20', '2022-03-16', '2022-03-31'),
(140, 167, 341, NULL, '2022-02-22', '2022-03-18', NULL),
(141, 76, NULL, 'TAB-YEYXBPUJGY', '2022-02-24', '2022-02-25', '2022-02-28'),
(142, 199, 481, NULL, '2022-03-06', '2022-03-23', '2022-03-13'),
(143, 23, 41, NULL, '2022-03-08', '2022-04-02', NULL),
(144, 154, 334, NULL, '2022-03-15', '2022-03-30', '2022-03-25'),
(145, 148, 240, NULL, '2022-03-17', '2022-03-31', '2022-04-05'),
(146, 30, 313, NULL, '2022-03-21', '2022-04-17', '2022-05-14'),
(147, 119, 469, NULL, '2022-03-30', '2022-04-23', '2022-04-07'),
(148, 22, 16, NULL, '2022-03-30', '2022-04-21', '2022-04-30'),
(149, 92, 503, NULL, '2022-04-03', '2022-04-22', NULL),
(150, 66, NULL, 'HPH-YEYXBXDZ64', '2022-04-04', '2022-04-07', '2022-04-28'),
(151, 193, NULL, 'CHR-YEYX408H8Z', '2022-04-05', '2022-04-07', '2022-04-07'),
(152, 54, 402, NULL, '2022-04-07', '2022-04-21', '2022-04-14'),
(153, 60, NULL, 'TAB-YEYXGXOZOE', '2022-04-12', '2022-04-13', NULL),
(154, 117, NULL, 'TAB-YEYXBPUJGY', '2022-04-15', '2022-04-20', NULL),
(155, 4, 232, NULL, '2022-04-16', '2022-05-10', '2022-04-17'),
(156, 57, NULL, 'TAB-YEYX6A6M0X', '2022-04-22', '2022-04-29', '2022-04-27'),
(157, 198, 416, NULL, '2022-04-23', '2022-05-12', '2022-05-06'),
(158, 64, NULL, 'ERD-YEYXK7R888', '2022-04-23', '2022-04-28', NULL),
(159, 114, 444, NULL, '2022-04-25', '2022-05-16', '2022-05-01'),
(160, 183, 289, NULL, '2022-05-01', '2022-05-28', '2022-05-22'),
(161, 57, 77, NULL, '2022-05-02', '2022-05-25', '2022-06-09'),
(162, 198, 14, NULL, '2022-05-08', '2022-06-05', NULL),
(163, 166, 277, NULL, '2022-05-12', '2022-05-27', NULL),
(164, 140, 225, NULL, '2022-05-12', '2022-06-07', '2022-05-27'),
(165, 53, 157, NULL, '2022-05-15', '2022-05-29', NULL),
(166, 97, NULL, 'ERD-YEYXEHUMP2', '2022-05-17', '2022-05-19', NULL),
(167, 30, 86, NULL, '2022-05-21', '2022-06-06', '2022-06-21'),
(168, 94, 149, NULL, '2022-05-23', '2022-06-13', '2022-05-26'),
(169, 1, 31, NULL, '2022-06-23', '2022-07-09', NULL),
(170, 31, 147, NULL, '2022-07-03', '2022-07-29', '2022-07-07'),
(171, 120, 508, NULL, '2022-07-12', '2022-08-01', '2022-07-22'),
(172, 112, 459, NULL, '2022-07-15', '2022-08-09', '2022-08-04'),
(173, 194, 70, NULL, '2022-07-19', '2022-08-06', '2022-08-04'),
(174, 77, 134, NULL, '2022-07-26', '2022-08-20', '2022-08-19'),
(175, 76, 231, NULL, '2022-07-28', '2022-08-25', NULL),
(176, 64, 147, NULL, '2022-07-31', '2022-08-14', NULL),
(177, 106, 373, NULL, '2022-08-06', '2022-09-01', '2022-09-20'),
(178, 180, 453, NULL, '2022-08-08', '2022-08-23', '2022-09-17'),
(179, 168, 73, NULL, '2022-08-10', '2022-09-02', '2022-08-15'),
(180, 99, 240, NULL, '2022-08-22', '2022-09-10', NULL),
(181, 9, NULL, 'TAB-YEYXBPUJGY', '2022-08-23', '2022-08-30', '2022-08-24'),
(182, 187, 408, NULL, '2022-08-23', '2022-09-12', '2022-09-28'),
(183, 192, NULL, 'LPT-YEYXW0LA79', '2022-08-27', '2022-08-31', '2022-08-31'),
(184, 128, 58, NULL, '2022-08-27', '2022-09-11', '2022-09-07'),
(185, 18, NULL, 'LPT-YEYXAGBP40', '2022-08-27', '2022-08-31', '2022-08-28'),
(186, 147, NULL, 'ERD-YEYXVYAKTL', '2022-09-03', '2022-09-07', '2022-09-04'),
(187, 95, 127, NULL, '2022-09-09', '2022-09-26', '2022-09-19'),
(188, 128, 485, NULL, '2022-09-15', '2022-09-29', '2022-09-23'),
(189, 17, 45, NULL, '2022-10-06', '2022-10-23', '2022-10-23'),
(190, 132, 149, NULL, '2022-10-14', '2022-11-01', NULL),
(191, 41, 196, NULL, '2022-10-20', '2022-11-15', '2022-11-12'),
(192, 43, NULL, 'TAB-YEYX1FT6ZO', '2022-10-25', '2022-10-26', NULL),
(193, 32, 45, NULL, '2022-10-28', '2022-11-12', '2022-11-01'),
(194, 100, 65, NULL, '2022-11-03', '2022-11-27', '2022-11-25'),
(195, 41, 79, NULL, '2022-11-16', '2022-11-30', NULL),
(196, 179, 75, NULL, '2022-11-17', '2022-12-10', '2022-12-30'),
(197, 183, NULL, 'ERD-YEYX3OJAY1', '2022-11-23', '2022-11-28', '2022-11-28'),
(198, 94, 347, NULL, '2022-11-26', '2022-12-11', NULL),
(199, 83, 86, NULL, '2022-11-28', '2022-12-20', '2022-12-30'),
(200, 168, 177, NULL, '2022-12-02', '2022-12-27', '2022-12-04'),
(201, 152, 1, NULL, '2022-12-05', '2022-12-29', '2022-12-14'),
(202, 173, 356, NULL, '2022-12-05', '2022-12-24', '2022-12-23'),
(203, 140, NULL, 'ERD-YEYXK7R888', '2022-12-31', '2023-01-06', '2023-01-01'),
(204, 159, 395, NULL, '2023-01-02', '2023-01-24', '2023-01-19'),
(205, 26, 377, NULL, '2023-01-04', '2023-01-30', '2023-02-14'),
(206, 17, 105, NULL, '2023-01-06', '2023-01-20', '2023-01-21'),
(207, 34, 281, NULL, '2023-01-11', '2023-01-26', '2023-01-18'),
(208, 136, 57, NULL, '2023-01-13', '2023-02-08', '2023-02-21'),
(209, 92, NULL, 'HPH-YEYXVZPNE7', '2023-01-15', '2023-01-18', '2023-01-17'),
(210, 58, 197, NULL, '2023-01-27', '2023-02-20', NULL),
(211, 21, 10, NULL, '2023-01-28', '2023-02-16', '2023-01-30'),
(212, 45, NULL, 'CHR-YEYXYYMSNS', '2023-02-09', '2023-02-14', '2023-02-13'),
(213, 85, 273, NULL, '2023-02-14', '2023-03-11', '2023-02-19'),
(214, 176, 248, NULL, '2023-02-23', '2023-03-20', NULL),
(215, 78, 398, NULL, '2023-02-24', '2023-03-10', '2023-03-03'),
(216, 96, NULL, 'HPH-YEYX98BHKD', '2023-02-27', '2023-03-04', '2023-03-03'),
(217, 131, 446, NULL, '2023-02-27', '2023-03-27', '2023-03-06'),
(218, 182, 384, NULL, '2023-03-01', '2023-03-29', '2023-03-11'),
(219, 30, 283, NULL, '2023-03-08', '2023-03-23', '2023-03-12'),
(220, 145, 494, NULL, '2023-03-08', '2023-03-27', NULL),
(221, 74, 143, NULL, '2023-03-25', '2023-04-18', NULL),
(222, 110, 125, NULL, '2023-04-08', '2023-05-06', '2023-04-26'),
(223, 65, 309, NULL, '2023-04-13', '2023-05-11', '2023-04-20'),
(224, 131, 450, NULL, '2023-04-14', '2023-04-28', NULL),
(225, 86, 298, NULL, '2023-04-14', '2023-05-05', '2023-04-16'),
(226, 160, 343, NULL, '2023-04-15', '2023-05-01', '2023-04-19'),
(227, 134, NULL, 'LPT-YEYXTV1HJS', '2023-04-21', '2023-04-24', '2023-04-27'),
(228, 36, 271, NULL, '2023-04-28', '2023-05-21', '2023-06-18'),
(229, 70, 84, NULL, '2023-05-05', '2023-05-30', '2023-05-16'),
(230, 80, NULL, 'CHR-YEYXHBC3S7', '2023-05-10', '2023-05-14', '2023-05-11'),
(231, 44, 379, NULL, '2023-05-15', '2023-06-09', '2023-05-27'),
(232, 178, 72, NULL, '2023-05-19', '2023-06-02', '2023-06-13'),
(233, 197, 436, NULL, '2023-05-24', '2023-06-11', '2023-06-02'),
(234, 142, 76, NULL, '2023-06-02', '2023-06-19', NULL),
(235, 46, NULL, 'LPT-YEYXAZKC6K', '2023-06-20', '2023-06-24', '2023-06-23'),
(236, 178, 180, NULL, '2023-06-23', '2023-07-13', NULL),
(237, 6, NULL, 'TAB-YEYX6A6M0X', '2023-06-30', '2023-07-04', '2023-07-02'),
(238, 161, 293, NULL, '2023-07-01', '2023-07-25', '2023-07-24'),
(239, 168, 120, NULL, '2023-07-15', '2023-08-03', NULL),
(240, 64, 216, NULL, '2023-07-19', '2023-08-12', NULL),
(241, 69, 449, NULL, '2023-07-31', '2023-08-19', '2023-08-04'),
(242, 75, 338, NULL, '2023-08-04', '2023-08-19', NULL),
(243, 63, 214, NULL, '2023-08-04', '2023-08-26', '2023-09-12'),
(244, 144, 118, NULL, '2023-08-04', '2023-08-21', '2023-08-30'),
(245, 34, NULL, 'CHR-YEYXW1LLEF', '2023-08-07', '2023-08-10', '2023-08-08'),
(246, 132, 294, NULL, '2023-08-11', '2023-09-03', NULL),
(247, 137, NULL, 'LPT-YEYXTV1HJS', '2023-08-14', '2023-08-18', NULL),
(248, 36, 66, NULL, '2023-08-17', '2023-09-05', NULL),
(249, 87, 25, NULL, '2023-08-21', '2023-09-04', NULL),
(250, 140, 505, NULL, '2023-08-23', '2023-09-08', '2023-08-28'),
(251, 90, NULL, 'TAB-YEYXQ2DJEB', '2023-09-09', '2023-09-13', '2023-09-11'),
(252, 139, 284, NULL, '2023-09-10', '2023-09-27', NULL),
(253, 70, 362, NULL, '2023-09-17', '2023-10-11', NULL),
(254, 73, 40, NULL, '2023-09-17', '2023-10-02', '2023-09-23'),
(255, 19, NULL, 'LPT-YEYXQ8MYRS', '2023-09-23', '2023-09-26', '2023-10-17'),
(256, 87, 167, NULL, '2023-09-26', '2023-10-21', NULL),
(257, 29, 337, NULL, '2023-10-10', '2023-10-25', '2023-10-14'),
(258, 69, NULL, 'CHR-YEYXY3XTCG', '2023-10-15', '2023-10-17', '2023-10-16'),
(259, 115, 505, NULL, '2023-10-24', '2023-11-18', '2023-11-26'),
(260, 121, 175, NULL, '2023-10-25', '2023-11-21', '2023-11-02'),
(261, 195, 161, NULL, '2023-10-26', '2023-11-23', NULL),
(262, 113, 338, NULL, '2023-11-01', '2023-11-15', '2023-11-11'),
(263, 44, 175, NULL, '2023-11-02', '2023-11-19', '2023-11-14'),
(264, 185, 419, NULL, '2023-11-15', '2023-12-05', '2023-12-09'),
(265, 189, 214, NULL, '2023-11-15', '2023-12-05', '2023-12-28'),
(266, 67, 459, NULL, '2023-11-23', '2023-12-13', NULL),
(267, 78, 394, NULL, '2023-11-25', '2023-12-16', '2023-12-06'),
(268, 2, 422, NULL, '2023-11-28', '2023-12-22', '2024-01-20'),
(269, 33, 115, NULL, '2023-12-02', '2023-12-26', '2023-12-11'),
(270, 33, 459, NULL, '2023-12-09', '2023-12-31', NULL),
(271, 61, 65, NULL, '2023-12-15', '2024-01-09', '2023-12-31'),
(272, 129, 102, NULL, '2023-12-16', '2024-01-07', '2023-12-29'),
(273, 66, 208, NULL, '2023-12-16', '2024-01-01', '2023-12-25'),
(274, 32, 335, NULL, '2023-12-19', '2024-01-14', NULL),
(275, 154, 357, NULL, '2023-12-26', '2024-01-11', '2024-01-11'),
(276, 184, 505, NULL, '2024-01-04', '2024-01-18', NULL),
(277, 191, NULL, 'TAB-YEYX9D9MLO', '2024-01-05', '2024-01-10', '2024-01-09'),
(278, 36, NULL, 'LPT-YEYXAZKC6K', '2024-01-12', '2024-01-15', '2024-01-16'),
(279, 164, 332, NULL, '2024-01-25', '2024-02-18', '2024-01-29'),
(280, 162, 242, NULL, '2024-01-29', '2024-02-16', '2024-02-08'),
(281, 77, 222, NULL, '2024-02-13', '2024-03-09', '2024-02-24'),
(282, 15, 436, NULL, '2024-02-17', '2024-03-16', '2024-04-15'),
(283, 76, 435, NULL, '2024-02-23', '2024-03-16', '2024-03-02'),
(284, 159, 505, NULL, '2024-02-25', '2024-03-14', '2024-03-14'),
(285, 96, 204, NULL, '2024-03-03', '2024-03-20', '2024-03-08'),
(286, 51, 21, NULL, '2024-03-13', '2024-03-27', '2024-03-21'),
(287, 92, 39, NULL, '2024-03-18', '2024-04-12', '2024-03-27'),
(288, 193, NULL, 'CHR-YEYXZ2FBEH', '2024-03-31', '2024-04-02', '2024-04-02'),
(289, 140, 403, NULL, '2024-04-03', '2024-04-24', '2024-04-25'),
(290, 82, 182, NULL, '2024-04-04', '2024-04-18', NULL),
(291, 29, 321, NULL, '2024-04-05', '2024-04-21', NULL),
(292, 197, NULL, 'TAB-YEYXORJ3UA', '2024-04-23', '2024-04-24', '2024-05-10'),
(293, 63, 454, NULL, '2024-04-24', '2024-05-18', NULL),
(294, 85, NULL, 'ERD-YEYX3OJAY1', '2024-04-26', '2024-05-01', '2024-04-29'),
(295, 50, 79, NULL, '2024-04-29', '2024-05-21', '2024-05-03'),
(296, 80, NULL, 'CHR-YEYXMTUT54', '2024-04-30', '2024-05-02', '2024-05-02'),
(297, 78, 246, NULL, '2024-05-07', '2024-06-03', '2024-06-24'),
(298, 39, 265, NULL, '2024-05-09', '2024-05-25', NULL),
(299, 115, 27, NULL, '2024-05-15', '2024-05-31', '2024-05-29'),
(300, 6, 6, NULL, '2024-05-17', '2024-06-10', '2024-06-06'),
(301, 115, 209, NULL, '2024-05-25', '2024-06-17', '2024-05-28'),
(302, 156, 333, NULL, '2024-05-28', '2024-06-12', '2024-06-12'),
(303, 127, 225, NULL, '2024-05-31', '2024-06-25', NULL),
(304, 63, 385, NULL, '2024-06-05', '2024-06-28', '2024-07-24'),
(305, 21, 101, NULL, '2024-06-11', '2024-07-03', '2024-06-13'),
(306, 114, 43, NULL, '2024-06-13', '2024-07-09', '2024-06-14'),
(307, 108, NULL, 'ERD-YEYXR5HQ4Q', '2024-06-25', '2024-06-29', NULL),
(308, 50, NULL, 'LPT-YEYWCJOOPU', '2024-06-29', '2024-07-06', '2024-07-05'),
(309, 35, 263, NULL, '2024-06-30', '2024-07-25', '2024-08-13'),
(310, 117, 367, NULL, '2024-07-14', '2024-08-07', '2024-07-22'),
(311, 175, 16, NULL, '2024-07-19', '2024-08-14', '2024-08-05'),
(312, 47, 161, NULL, '2024-07-20', '2024-08-08', '2024-08-20'),
(313, 121, NULL, 'LPT-YEYXPMZHQH', '2024-07-25', '2024-08-01', '2024-08-07'),
(314, 63, 477, NULL, '2024-08-01', '2024-08-17', '2024-08-02'),
(315, 52, 126, NULL, '2024-08-01', '2024-08-15', '2024-08-04'),
(316, 119, 306, NULL, '2024-08-03', '2024-08-26', NULL),
(317, 187, 128, NULL, '2024-08-04', '2024-08-28', NULL),
(318, 104, 153, NULL, '2024-08-04', '2024-08-28', '2024-08-27'),
(319, 93, NULL, 'HPH-YEYX98BHKD', '2024-08-04', '2024-08-11', '2024-08-05'),
(320, 168, 47, NULL, '2024-08-06', '2024-08-31', '2024-08-25'),
(321, 14, 378, NULL, '2024-08-12', '2024-09-01', '2024-09-04'),
(322, 63, 195, NULL, '2024-08-24', '2024-09-15', '2024-09-14'),
(323, 187, 231, NULL, '2024-08-24', '2024-09-07', '2024-09-21'),
(324, 105, 446, NULL, '2024-08-27', '2024-09-20', '2024-09-10'),
(325, 74, 225, NULL, '2024-08-31', '2024-09-18', '2024-09-06'),
(326, 141, 161, NULL, '2024-09-03', '2024-09-19', '2024-09-21'),
(327, 47, 354, NULL, '2024-09-06', '2024-10-03', '2024-10-08'),
(328, 32, 315, NULL, '2024-09-08', '2024-09-25', '2024-09-10'),
(329, 40, 148, NULL, '2024-09-11', '2024-10-05', '2024-09-20'),
(330, 172, 184, NULL, '2024-09-20', '2024-10-10', '2024-10-03'),
(331, 6, 23, NULL, '2024-09-26', '2024-10-22', '2024-10-09'),
(332, 139, 240, NULL, '2024-10-05', '2024-10-26', '2024-10-14'),
(333, 62, NULL, 'CHR-YEYXERWPSY', '2024-10-05', '2024-10-11', '2024-10-11'),
(334, 174, 197, NULL, '2024-10-17', '2024-11-07', '2024-11-07'),
(335, 61, 160, NULL, '2024-10-25', '2024-11-15', '2024-11-11'),
(336, 91, 311, NULL, '2024-11-03', '2024-11-19', '2024-11-19'),
(337, 97, NULL, 'TAB-YEYXAAHFDG', '2024-11-03', '2024-11-09', '2024-11-09'),
(338, 128, NULL, 'LPT-YEYXIH03XL', '2024-11-11', '2024-11-13', '2024-11-12'),
(339, 156, 147, NULL, '2024-11-16', '2024-12-07', '2024-11-26'),
(340, 110, 4, NULL, '2024-11-21', '2024-12-16', '2025-01-04'),
(341, 193, 139, NULL, '2024-11-23', '2024-12-18', '2025-01-14'),
(342, 104, 270, NULL, '2024-11-23', '2024-12-11', '2024-11-24'),
(343, 134, NULL, 'ERD-YEYX3OJAY1', '2024-11-26', '2024-11-29', '2024-11-27'),
(344, 48, 303, NULL, '2024-12-03', '2024-12-25', '2024-12-26'),
(345, 86, NULL, 'TAB-YEYX9SNYLW', '2024-12-04', '2024-12-06', NULL),
(346, 26, 198, NULL, '2024-12-10', '2025-01-02', '2024-12-26'),
(347, 128, 274, NULL, '2024-12-23', '2025-01-10', '2024-12-29'),
(348, 169, 432, NULL, '2025-01-15', '2025-02-07', '2025-01-19'),
(349, 14, 272, NULL, '2025-01-26', '2025-02-23', '2025-01-30'),
(350, 71, 282, NULL, '2025-01-26', '2025-02-20', '2025-02-19'),
(351, 90, 397, NULL, '2025-01-27', '2025-02-15', NULL),
(352, 128, 155, NULL, '2025-02-04', '2025-03-04', '2025-02-05'),
(353, 193, 499, NULL, '2025-02-05', '2025-03-01', '2025-03-02'),
(354, 184, NULL, 'CHR-YEYXHBC3S7', '2025-02-07', '2025-02-08', '2025-02-08'),
(355, 104, 388, NULL, '2025-02-07', '2025-02-26', '2025-02-19'),
(356, 61, 510, NULL, '2025-02-13', '2025-03-06', '2025-03-30'),
(357, 99, 222, NULL, '2025-02-22', '2025-03-10', '2025-04-05'),
(358, 18, 119, NULL, '2025-02-25', '2025-03-22', '2025-04-15'),
(359, 44, 389, NULL, '2025-03-07', '2025-04-02', '2025-03-30'),
(360, 140, 73, NULL, '2025-03-07', '2025-03-21', NULL),
(361, 196, 147, NULL, '2025-03-08', '2025-03-26', NULL),
(362, 187, 254, NULL, '2025-04-13', '2025-05-10', NULL),
(363, 141, 467, NULL, '2025-04-23', '2025-05-19', NULL),
(364, 4, 426, NULL, '2025-05-11', '2025-05-30', '2025-05-25'),
(365, 188, 195, NULL, '2025-05-12', '2025-06-09', '2025-05-13'),
(366, 19, NULL, 'LPT-YEYX1HY0OD', '2025-05-26', '2025-06-01', NULL),
(367, 158, 263, NULL, '2025-05-27', '2025-06-17', NULL),
(368, 124, 372, NULL, '2025-05-30', '2025-06-13', NULL),
(369, 179, NULL, 'CHR-YEYXZXEPG5', '2025-06-01', '2025-06-07', '2025-06-02'),
(370, 116, 332, NULL, '2025-06-02', '2025-06-19', '2025-06-17'),
(371, 164, 319, NULL, '2025-06-05', '2025-06-25', '2025-06-21'),
(372, 190, 79, NULL, '2025-06-07', '2025-06-26', '2025-06-21'),
(373, 45, 184, NULL, '2025-06-08', '2025-07-06', '2025-07-12'),
(374, 46, 250, NULL, '2025-06-18', '2025-07-09', NULL),
(375, 55, NULL, 'TAB-YEYX49PLZZ', '2025-06-19', '2025-06-25', '2025-06-22'),
(376, 157, 179, NULL, '2025-06-25', '2025-07-19', '2025-07-07'),
(377, 83, 389, NULL, '2025-06-30', '2025-07-24', '2025-08-11'),
(378, 155, 372, NULL, '2025-06-30', '2025-07-21', '2025-07-10'),
(379, 74, 59, NULL, '2025-07-02', '2025-07-25', NULL),
(380, 104, 340, NULL, '2025-07-08', '2025-07-23', '2025-07-10'),
(381, 112, 339, NULL, '2025-07-24', '2025-08-14', '2025-07-29'),
(382, 162, NULL, 'ERD-YEYXI46K3D', '2025-07-25', '2025-08-01', '2025-07-30'),
(383, 92, 329, NULL, '2025-07-26', '2025-08-23', NULL),
(384, 191, 397, NULL, '2025-07-28', '2025-08-13', '2025-09-07'),
(385, 90, 228, NULL, '2025-08-01', '2025-08-21', NULL),
(386, 125, 142, NULL, '2025-08-08', '2025-09-03', '2025-08-23'),
(387, 15, 234, NULL, '2025-08-08', '2025-08-30', '2025-08-12'),
(388, 19, 466, NULL, '2025-08-09', '2025-08-26', '2025-08-11'),
(389, 161, 230, NULL, '2025-08-18', '2025-09-03', '2025-08-26'),
(390, 86, 131, NULL, '2025-08-19', '2025-09-02', NULL),
(391, 154, 282, NULL, '2025-08-21', '2025-09-14', NULL),
(392, 41, 159, NULL, '2025-08-23', '2025-09-06', '2025-09-01'),
(393, 170, 331, NULL, '2025-08-29', '2025-09-22', '2025-09-01'),
(394, 187, 178, NULL, '2025-08-31', '2025-09-26', NULL),
(395, 67, 99, NULL, '2025-09-05', '2025-09-21', '2025-09-21'),
(396, 98, 338, NULL, '2025-09-05', '2025-09-30', '2025-09-16'),
(397, 53, 10, NULL, '2025-09-16', '2025-10-01', '2025-09-20'),
(398, 153, 217, NULL, '2025-09-23', '2025-10-13', '2025-10-06'),
(399, 126, 304, NULL, '2025-09-24', '2025-10-14', '2025-10-23'),
(400, 172, 413, NULL, '2025-09-24', '2025-10-18', '2025-10-12'),
(401, 84, 239, NULL, '2025-10-01', '2025-10-28', NULL),
(402, 6, 273, NULL, '2025-10-16', '2025-11-11', '2025-10-28'),
(403, 44, 155, NULL, '2025-10-23', '2025-11-18', '2025-11-07'),
(404, 156, 1, NULL, '2025-10-29', '2025-11-15', NULL),
(405, 125, 430, NULL, '2025-11-06', '2025-11-23', '2025-11-21'),
(406, 14, 375, NULL, '2025-11-08', '2025-11-23', '2025-11-10'),
(407, 86, 290, NULL, '2025-11-12', '2025-11-26', '2025-11-20'),
(408, 34, 455, NULL, '2025-11-12', '2025-12-05', '2025-12-01'),
(409, 18, 351, NULL, '2025-11-16', '2025-11-30', '2025-11-21'),
(410, 102, 87, NULL, '2025-11-30', '2025-12-27', '2025-12-08'),
(411, 10, 417, NULL, '2025-11-30', '2025-12-14', '2026-01-11'),
(412, 131, 190, NULL, '2025-12-02', '2025-12-18', '2025-12-04'),
(413, 144, NULL, 'CHR-YEYXHBC3S7', '2025-12-08', '2025-12-14', '2025-12-14'),
(414, 9, 502, NULL, '2025-12-11', '2025-12-29', '2026-01-21'),
(415, 50, 339, NULL, '2025-12-16', '2026-01-10', '2026-01-10'),
(416, 38, 165, NULL, '2025-12-17', '2026-01-13', '2025-12-22'),
(417, 113, 151, NULL, '2025-12-18', '2026-01-14', NULL),
(418, 80, 56, NULL, '2026-01-01', '2026-01-23', '2026-01-22'),
(419, 113, NULL, 'TAB-YEYXQ0INQL', '2026-01-03', '2026-01-05', NULL),
(420, 138, 456, NULL, '2026-01-03', '2026-01-27', '2026-01-19'),
(421, 72, 389, NULL, '2026-01-03', '2026-01-26', '2026-01-04'),
(422, 40, 474, NULL, '2026-01-04', '2026-01-25', NULL),
(423, 2, 370, NULL, '2026-01-04', '2026-01-26', '2026-01-25'),
(424, 161, 461, NULL, '2026-01-04', '2026-01-18', '2026-01-10'),
(425, 87, 159, NULL, '2026-01-07', '2026-01-28', NULL),
(426, 139, 372, NULL, '2026-01-07', '2026-02-02', '2026-01-15'),
(427, 35, 114, NULL, '2026-01-07', '2026-01-28', '2026-01-19'),
(428, 21, NULL, 'HPH-YEYXBPUNNP', '2026-01-08', '2026-01-14', '2026-01-12'),
(429, 10, NULL, 'ERD-YEYXR5HQ4Q', '2026-01-08', '2026-01-11', '2026-01-27'),
(430, 94, 336, NULL, '2026-01-08', '2026-01-26', NULL),
(431, 104, 14, NULL, '2026-01-09', '2026-02-06', '2026-02-06'),
(432, 191, 7, NULL, '2026-01-10', '2026-02-03', '2026-01-17'),
(433, 23, NULL, 'LPT-YEYXK3Q6L5', '2026-01-10', '2026-01-11', '2026-01-29'),
(434, 33, 409, NULL, '2026-01-13', '2026-01-31', '2026-01-22'),
(435, 74, 143, NULL, '2026-01-16', '2026-01-30', '2026-01-22'),
(436, 179, 91, NULL, '2026-01-16', '2026-02-07', '2026-02-03'),
(437, 132, 308, NULL, '2026-01-17', '2026-02-10', '2026-02-05'),
(438, 92, 266, NULL, '2026-01-17', '2026-02-14', '2026-02-04'),
(439, 125, 215, NULL, '2026-01-18', '2026-02-14', '2026-02-07'),
(440, 29, 98, NULL, '2026-01-18', '2026-02-09', NULL),
(441, 9, 437, NULL, '2026-01-20', '2026-02-06', '2026-01-27'),
(442, 99, 92, NULL, '2026-01-20', '2026-02-07', '2026-01-21'),
(443, 51, 43, NULL, '2026-01-21', '2026-02-07', NULL),
(444, 109, 168, NULL, '2026-01-24', '2026-02-09', NULL),
(445, 64, 397, NULL, '2026-01-24', '2026-02-13', '2026-02-01'),
(446, 177, 350, NULL, '2026-01-24', '2026-02-14', '2026-02-01'),
(447, 134, 248, NULL, '2026-01-25', '2026-02-15', NULL),
(448, 189, 302, NULL, '2026-01-25', '2026-02-18', '2026-02-12'),
(449, 50, NULL, 'TAB-YEYXAAHFDG', '2026-01-25', '2026-02-01', '2026-02-01'),
(450, 30, 416, NULL, '2026-01-25', '2026-02-22', '2026-03-13'),
(451, 163, 438, NULL, '2026-01-26', '2026-02-12', '2026-02-09'),
(452, 64, 259, NULL, '2026-01-28', '2026-02-11', NULL),
(453, 126, 282, NULL, '2026-01-28', '2026-02-20', '2026-02-17'),
(454, 87, 111, NULL, '2026-01-28', '2026-02-21', NULL),
(455, 1, 196, NULL, '2026-01-28', '2026-02-20', '2026-03-21'),
(456, 62, 98, NULL, '2026-01-28', '2026-02-25', '2026-03-05'),
(457, 74, NULL, 'LPT-YEYXTV1HJS', '2026-01-29', '2026-02-03', '2026-01-31'),
(458, 2, 372, NULL, '2026-01-29', '2026-02-12', NULL),
(459, 84, 241, NULL, '2026-01-30', '2026-02-15', '2026-02-12'),
(460, 25, 301, NULL, '2026-01-30', '2026-02-27', '2026-02-20'),
(461, 29, 376, NULL, '2026-01-31', '2026-02-18', '2026-02-06'),
(462, 85, 6, NULL, '2026-02-02', '2026-02-16', '2026-02-15'),
(463, 185, 350, NULL, '2026-02-03', '2026-02-27', '2026-03-24'),
(464, 190, 89, NULL, '2026-02-03', '2026-03-02', '2026-02-13'),
(465, 42, 392, NULL, '2026-02-03', '2026-02-22', '2026-02-10'),
(466, 32, 188, NULL, '2026-02-04', '2026-02-21', '2026-02-19'),
(467, 117, 506, NULL, '2026-02-04', '2026-02-26', NULL),
(468, 195, 475, NULL, '2026-02-04', '2026-02-19', '2026-03-13'),
(469, 64, NULL, 'ERD-YEYXRR4HTU', '2026-02-04', '2026-02-11', '2026-02-21'),
(470, 168, 126, NULL, '2026-02-05', '2026-02-21', '2026-02-11'),
(471, 129, 50, NULL, '2026-02-05', '2026-03-02', '2026-03-18'),
(472, 52, 154, NULL, '2026-02-05', '2026-02-23', NULL),
(473, 5, 185, NULL, '2026-02-05', '2026-02-28', '2026-02-08'),
(474, 124, 492, NULL, '2026-02-05', '2026-02-28', NULL),
(475, 16, 323, NULL, '2026-02-06', '2026-03-04', '2026-02-08'),
(476, 102, NULL, 'TAB-YEYXZ6SA1E', '2026-02-06', '2026-02-11', '2026-02-07'),
(477, 171, 409, NULL, '2026-02-06', '2026-02-21', '2026-02-18'),
(478, 167, 245, NULL, '2026-02-07', '2026-03-05', '2026-02-18'),
(479, 62, NULL, 'HPH-YEYXVZPNE7', '2026-02-07', '2026-02-14', '2026-02-14'),
(480, 167, 86, NULL, '2026-02-07', '2026-03-01', NULL),
(481, 58, 305, NULL, '2026-02-08', '2026-03-08', '2026-02-14'),
(482, 47, 18, NULL, '2026-02-08', '2026-02-22', '2026-02-13'),
(483, 66, 281, NULL, '2026-02-08', '2026-02-24', NULL),
(484, 179, 134, NULL, '2026-02-09', '2026-03-07', '2026-02-27'),
(485, 163, 470, NULL, '2026-02-09', '2026-02-28', '2026-03-05'),
(486, 157, 150, NULL, '2026-02-09', '2026-03-09', NULL),
(487, 95, 249, NULL, '2026-02-10', '2026-03-08', '2026-02-14'),
(488, 72, 503, NULL, '2026-02-10', '2026-02-26', '2026-02-14'),
(489, 102, 433, NULL, '2026-02-10', '2026-03-02', '2026-02-22'),
(490, 72, 194, NULL, '2026-02-10', '2026-02-27', NULL),
(491, 168, 18, NULL, '2026-02-11', '2026-03-09', '2026-03-09'),
(492, 32, 299, NULL, '2026-02-12', '2026-03-11', '2026-03-10'),
(493, 70, NULL, 'HPH-YEYX2GDJQH', '2026-02-12', '2026-02-17', NULL),
(494, 117, 305, NULL, '2026-02-12', '2026-02-27', '2026-02-20'),
(495, 24, 493, NULL, '2026-02-13', '2026-03-01', NULL),
(496, 22, 364, NULL, '2026-02-14', '2026-02-28', '2026-02-27'),
(497, 95, 305, NULL, '2026-02-14', '2026-02-28', '2026-02-20'),
(498, 197, NULL, 'TAB-YEYXAAHFDG', '2026-02-15', '2026-02-19', '2026-02-19'),
(499, 17, 353, NULL, '2026-02-15', '2026-03-15', '2026-02-19'),
(500, 173, 1, NULL, '2026-02-15', '2026-03-02', '2026-03-24'),
(501, 68, NULL, 'ERD-YEYXDL3EOO', '2026-02-15', '2026-02-16', '2026-02-16'),
(502, 100, 198, NULL, '2026-02-15', '2026-03-06', '2026-03-03'),
(503, 64, NULL, 'ERD-YEYXEHUMP2', '2026-02-15', '2026-02-18', '2026-03-19'),
(504, 67, 420, NULL, '2026-02-16', '2026-03-07', '2026-03-03'),
(505, 33, 27, NULL, '2026-02-16', '2026-03-16', '2026-02-22'),
(506, 51, NULL, 'CHR-YEYXW1LLEF', '2026-02-16', '2026-02-23', NULL),
(507, 132, 416, NULL, '2026-02-16', '2026-03-08', NULL),
(508, 191, 466, NULL, '2026-02-17', '2026-03-07', '2026-02-19'),
(509, 148, 274, NULL, '2026-02-17', '2026-03-17', '2026-03-08'),
(510, 76, 16, NULL, '2026-02-18', '2026-03-06', '2026-02-21'),
(511, 67, 428, NULL, '2026-02-19', '2026-03-18', '2026-03-03'),
(512, 107, 20, NULL, '2026-02-19', '2026-03-10', '2026-03-02'),
(513, 7, 441, NULL, '2026-02-20', '2026-03-17', NULL),
(514, 12, 498, NULL, '2026-02-20', '2026-03-16', NULL),
(515, 173, 322, NULL, '2026-02-20', '2026-03-09', '2026-02-28'),
(516, 83, 100, NULL, '2026-02-21', '2026-03-10', '2026-03-08'),
(517, 48, 18, NULL, '2026-02-22', '2026-03-15', '2026-03-07'),
(518, 5, 342, NULL, '2026-02-23', '2026-03-12', '2026-03-11'),
(519, 31, 139, NULL, '2026-02-24', '2026-03-23', '2026-02-27'),
(520, 197, 100, NULL, '2026-02-24', '2026-03-14', NULL),
(521, 54, 100, NULL, '2026-02-25', '2026-03-21', '2026-03-01'),
(522, 140, 315, NULL, '2026-02-25', '2026-03-25', '2026-03-22'),
(523, 128, 353, NULL, '2026-02-25', '2026-03-23', '2026-03-19'),
(524, 12, 32, NULL, '2026-02-26', '2026-03-26', NULL),
(525, 145, NULL, 'TAB-YEYX6A6M0X', '2026-02-26', '2026-03-04', '2026-03-29'),
(526, 198, 451, NULL, '2026-02-27', '2026-03-17', '2026-03-06'),
(527, 166, 284, NULL, '2026-02-28', '2026-03-22', '2026-03-21'),
(528, 92, 500, NULL, '2026-03-01', '2026-04-17', NULL),
(529, 200, 226, NULL, '2026-03-01', '2026-05-23', NULL),
(530, 177, 432, NULL, '2026-03-01', '2026-06-07', NULL),
(531, 4, 238, NULL, '2026-03-01', '2026-03-19', '2026-03-02'),
(532, 75, 215, NULL, '2026-03-01', '2026-05-08', NULL),
(533, 138, 459, NULL, '2026-03-02', '2026-04-26', NULL),
(534, 112, 418, NULL, '2026-03-02', '2026-03-29', '2026-03-16'),
(535, 175, 122, NULL, '2026-03-02', '2026-03-19', '2026-03-08'),
(536, 4, 379, NULL, '2026-03-02', '2026-05-07', NULL),
(537, 116, 172, NULL, '2026-03-02', '2026-04-10', '2026-03-03'),
(538, 155, 121, NULL, '2026-03-02', '2026-03-28', '2026-03-26'),
(539, 16, 178, NULL, '2026-03-02', '2026-05-25', NULL),
(540, 19, 169, NULL, '2026-03-03', '2026-03-28', '2026-03-20'),
(541, 42, 434, NULL, '2026-03-03', '2026-03-22', NULL),
(542, 83, 239, NULL, '2026-03-03', '2026-05-16', NULL),
(543, 50, 188, NULL, '2026-03-03', '2026-04-15', '2026-03-27'),
(544, 126, 226, NULL, '2026-03-04', '2026-03-26', NULL),
(545, 82, NULL, 'LPT-YEYXK3Q6L5', '2026-03-04', '2026-03-06', '2026-03-05'),
(546, 87, 354, NULL, '2026-03-04', '2026-05-14', '2026-04-09'),
(547, 200, 155, NULL, '2026-03-04', '2026-04-25', NULL),
(548, 59, 141, NULL, '2026-03-05', '2026-04-05', '2026-03-28'),
(549, 107, 288, NULL, '2026-03-05', '2026-04-27', NULL),
(550, 141, 470, NULL, '2026-03-05', '2026-04-27', NULL),
(551, 95, 454, NULL, '2026-03-05', '2026-04-30', NULL),
(552, 58, 154, NULL, '2026-03-06', '2026-05-03', NULL),
(553, 130, NULL, 'TAB-YEYX9D9MLO', '2026-03-06', '2026-05-26', NULL),
(554, 23, 185, NULL, '2026-03-06', '2026-04-02', '2026-04-09'),
(555, 147, 429, NULL, '2026-03-06', '2026-03-28', '2026-03-26'),
(556, 98, NULL, 'ERD-YEYXI46K3D', '2026-03-06', '2026-04-10', '2026-03-12'),
(557, 83, 162, NULL, '2026-03-07', '2026-03-23', '2026-03-14'),
(558, 18, 445, NULL, '2026-03-07', '2026-04-02', '2026-03-28'),
(559, 150, 353, NULL, '2026-03-07', '2026-06-04', NULL),
(560, 198, 280, NULL, '2026-03-07', '2026-03-25', NULL),
(561, 193, 489, NULL, '2026-03-07', '2026-05-25', NULL),
(562, 17, 204, NULL, '2026-03-08', '2026-04-16', NULL),
(563, 153, 68, NULL, '2026-03-08', '2026-04-01', '2026-03-18'),
(564, 82, 62, NULL, '2026-03-08', '2026-04-28', NULL),
(565, 139, 478, NULL, '2026-03-09', '2026-04-04', '2026-03-15'),
(566, 59, 218, NULL, '2026-03-09', '2026-03-27', '2026-03-21'),
(567, 20, 157, NULL, '2026-03-09', '2026-03-31', NULL),
(568, 179, 134, NULL, '2026-03-09', '2026-04-07', '2026-03-27'),
(569, 53, 69, NULL, '2026-03-09', '2026-05-07', NULL),
(570, 138, 194, NULL, '2026-03-09', '2026-04-08', '2026-03-15'),
(571, 46, 235, NULL, '2026-03-09', '2026-04-16', NULL),
(572, 162, NULL, 'LPT-YEYWCJOOPU', '2026-03-10', '2026-03-15', NULL),
(573, 53, 333, NULL, '2026-03-10', '2026-04-01', '2026-03-22'),
(574, 109, 193, NULL, '2026-03-11', '2026-03-29', '2026-03-14'),
(575, 170, 191, NULL, '2026-03-11', '2026-04-29', '2026-03-18'),
(576, 36, 507, NULL, '2026-03-11', '2026-03-31', '2026-03-24'),
(577, 78, 398, NULL, '2026-03-11', '2026-05-03', NULL),
(578, 128, 303, NULL, '2026-03-11', '2026-04-15', NULL),
(579, 68, 492, NULL, '2026-03-11', '2026-05-01', NULL),
(580, 164, 270, NULL, '2026-03-12', '2026-04-29', NULL),
(581, 31, 507, NULL, '2026-03-12', '2026-04-03', NULL),
(582, 31, 467, NULL, '2026-03-13', '2026-04-08', NULL),
(583, 73, NULL, 'TAB-YEYXQ2DJEB', '2026-03-13', '2026-04-18', '2026-03-20'),
(584, 60, 124, NULL, '2026-03-13', '2026-04-02', NULL),
(585, 131, NULL, 'LPT-YEYXRA9CVW', '2026-03-13', '2026-04-08', '2026-03-15'),
(586, 86, 233, NULL, '2026-03-13', '2026-05-19', NULL),
(587, 114, 222, NULL, '2026-03-14', '2026-03-28', NULL),
(588, 164, 320, NULL, '2026-03-14', '2026-04-04', NULL),
(589, 13, 71, NULL, '2026-03-14', '2026-04-12', NULL),
(590, 123, 98, NULL, '2026-03-14', '2026-04-08', NULL),
(591, 173, 210, NULL, '2026-03-14', '2026-04-11', '2026-03-20'),
(592, 172, NULL, 'HPH-YEYXBXDZ64', '2026-03-14', '2026-04-18', '2026-03-21'),
(593, 147, 91, NULL, '2026-03-14', '2026-05-17', '2026-03-15'),
(594, 170, NULL, 'TAB-YEYXUJCJGW', '2026-03-15', '2026-03-29', '2026-03-16'),
(595, 142, 484, NULL, '2026-03-15', '2026-05-19', NULL),
(596, 199, 189, NULL, '2026-03-15', '2026-05-16', NULL),
(597, 192, 489, NULL, '2026-03-15', '2026-04-07', '2026-04-07'),
(598, 27, 3, NULL, '2026-03-15', '2026-04-10', NULL),
(599, 187, NULL, 'HPH-YEYXBPUNNP', '2026-03-15', '2026-04-26', '2026-03-23'),
(600, 102, 490, NULL, '2026-03-15', '2026-06-03', NULL),
(601, 170, NULL, 'ERD-YEYXJK5Y8V', '2026-03-15', '2026-04-07', '2026-03-16'),
(602, 130, 38, NULL, '2026-03-15', '2026-04-06', '2026-03-23'),
(603, 70, 116, NULL, '2026-03-15', '2026-03-30', '2026-04-01'),
(604, 173, 137, NULL, '2026-03-16', '2026-04-11', '2026-04-07'),
(605, 148, 473, NULL, '2026-03-16', '2026-04-06', NULL),
(606, 165, 337, NULL, '2026-03-16', '2026-05-17', NULL),
(607, 175, 194, NULL, '2026-03-16', '2026-04-17', NULL),
(608, 129, 111, NULL, '2026-03-16', '2026-04-22', NULL),
(609, 150, 274, NULL, '2026-03-16', '2026-04-20', NULL),
(610, 107, 290, NULL, '2026-03-17', '2026-04-01', '2026-03-28'),
(611, 60, 453, NULL, '2026-03-17', '2026-05-19', NULL),
(612, 191, 328, NULL, '2026-03-17', '2026-03-31', '2026-03-25'),
(613, 107, 287, NULL, '2026-03-17', '2026-04-13', NULL),
(614, 197, NULL, 'CHR-YEYXHBC3S7', '2026-03-17', '2026-04-10', '2026-03-20'),
(615, 45, 271, NULL, '2026-03-17', '2026-03-30', '2026-03-27'),
(616, 129, NULL, 'CHR-YEYXW1LLEF', '2026-03-17', '2026-03-18', '2026-03-20'),
(617, 41, 325, NULL, '2026-03-17', '2026-05-11', NULL),
(618, 22, 255, NULL, '2026-03-18', '2026-04-03', '2026-04-04'),
(619, 87, 149, NULL, '2026-03-18', '2026-05-02', NULL),
(620, 155, 212, NULL, '2026-03-18', '2026-04-19', NULL),
(621, 102, NULL, 'HPH-YEYXVZPNE7', '2026-03-18', '2026-03-25', '2026-03-24'),
(622, 149, NULL, 'TAB-YEYX4M1Z9V', '2026-03-19', '2026-05-05', NULL),
(623, 71, 122, NULL, '2026-03-19', '2026-05-09', NULL),
(624, 132, 475, NULL, '2026-03-19', '2026-04-08', '2026-04-05'),
(625, 118, 388, NULL, '2026-03-19', '2026-04-19', NULL),
(626, 146, NULL, 'ERD-YEYXI46K3D', '2026-03-19', '2026-04-30', NULL),
(627, 163, 58, NULL, '2026-03-19', '2026-04-05', '2026-03-22'),
(628, 136, 430, NULL, '2026-03-19', '2026-04-16', NULL),
(629, 186, 242, NULL, '2026-03-20', '2026-04-19', NULL),
(630, 176, 187, NULL, '2026-03-20', '2026-06-02', '2026-04-11'),
(631, 56, 76, NULL, '2026-03-20', '2026-04-29', NULL),
(632, 5, NULL, 'ERD-YEYX3OJAY1', '2026-03-20', '2026-04-23', NULL),
(633, 155, 477, NULL, '2026-03-20', '2026-04-23', NULL),
(634, 156, 350, NULL, '2026-03-20', '2026-04-25', NULL),
(635, 172, 469, NULL, '2026-03-21', '2026-04-02', '2026-03-28'),
(636, 143, 501, NULL, '2026-03-21', '2026-04-11', NULL),
(637, 87, 130, NULL, '2026-03-21', '2026-04-10', NULL),
(638, 69, 507, NULL, '2026-03-21', '2026-03-23', '2026-04-08'),
(639, 37, 474, NULL, '2026-03-21', '2026-05-05', NULL),
(640, 18, 101, NULL, '2026-03-21', '2026-04-26', NULL),
(641, 153, 245, NULL, '2026-03-22', '2026-04-27', NULL),
(642, 59, 352, NULL, '2026-03-22', '2026-04-17', NULL),
(643, 36, 130, NULL, '2026-03-22', '2026-04-10', NULL),
(644, 127, 373, NULL, '2026-03-23', '2026-04-05', NULL),
(645, 144, 488, NULL, '2026-03-23', '2026-04-06', '2026-03-29'),
(646, 49, 472, NULL, '2026-03-23', '2026-05-10', '2026-04-01'),
(647, 167, 503, NULL, '2026-03-24', '2026-04-23', NULL),
(648, 182, 376, NULL, '2026-03-24', '2026-04-08', NULL),
(649, 83, 28, NULL, '2026-03-24', '2026-06-02', NULL),
(650, 174, 332, NULL, '2026-03-24', '2026-04-04', NULL),
(651, 43, 501, NULL, '2026-03-25', '2026-04-12', NULL),
(652, 145, 139, NULL, '2026-03-25', '2026-04-19', NULL),
(653, 160, 282, NULL, '2026-03-26', '2026-04-13', '2026-04-08'),
(654, 129, 417, NULL, '2026-03-26', '2026-03-30', NULL),
(655, 180, 488, NULL, '2026-03-26', '2026-04-20', NULL),
(656, 91, 141, NULL, '2026-03-26', '2026-04-27', '2026-03-28'),
(657, 74, 445, NULL, '2026-03-26', '2026-05-02', NULL),
(658, 150, 52, NULL, '2026-03-26', '2026-04-13', '2026-04-11'),
(659, 23, 161, NULL, '2026-03-26', '2026-05-22', NULL),
(660, 24, NULL, 'HPH-YEYXI2JAGL', '2026-03-27', '2026-04-18', '2026-04-14'),
(661, 144, 376, NULL, '2026-03-27', '2026-04-18', NULL),
(662, 33, 223, NULL, '2026-03-27', '2026-04-21', NULL),
(663, 43, 402, NULL, '2026-03-28', '2026-04-19', NULL),
(664, 199, 490, NULL, '2026-03-28', '2026-04-18', NULL),
(665, 179, 350, NULL, '2026-03-28', '2026-05-01', NULL),
(666, 109, NULL, 'TAB-YEYXQ2DJEB', '2026-03-29', '2026-03-31', '2026-03-31'),
(667, 92, 45, NULL, '2026-03-29', '2026-04-24', NULL),
(668, 117, 326, NULL, '2026-03-29', '2026-03-19', '2026-04-01'),
(669, 15, 309, NULL, '2026-03-29', '2026-05-15', NULL),
(670, 188, 454, NULL, '2026-03-29', '2026-05-03', NULL),
(671, 107, 229, NULL, '2026-03-29', '2026-05-05', NULL),
(672, 71, 193, NULL, '2026-03-29', '2026-04-12', '2026-04-09'),
(673, 173, 246, NULL, '2026-03-30', '2026-05-11', NULL),
(674, 115, 212, NULL, '2026-03-30', '2026-04-22', NULL),
(675, 19, 276, NULL, '2026-03-30', '2026-05-01', NULL),
(676, 28, 445, NULL, '2026-03-30', '2026-05-19', NULL),
(677, 143, 43, NULL, '2026-03-30', '2026-04-28', '2026-04-01'),
(678, 55, 171, NULL, '2026-03-30', '2026-04-26', NULL),
(679, 139, 146, NULL, '2026-03-30', '2026-04-14', '2026-04-13'),
(680, 75, 505, NULL, '2026-03-31', '2026-04-04', NULL),
(681, 162, 192, NULL, '2026-03-31', '2026-05-07', NULL),
(682, 140, 200, NULL, '2026-03-31', '2026-04-05', NULL),
(683, 186, 358, NULL, '2026-03-31', '2026-04-09', '2026-04-10'),
(684, 168, 246, NULL, '2026-03-31', '2026-04-07', NULL),
(685, 194, 142, NULL, '2026-03-31', '2026-04-09', NULL),
(686, 149, 221, NULL, '2026-04-01', '2026-04-10', NULL),
(687, 197, 473, NULL, '2026-04-01', '2026-04-13', '2026-04-06'),
(688, 112, 34, NULL, '2026-04-01', '2026-04-16', NULL),
(689, 103, 52, NULL, '2026-04-01', '2026-05-14', '2026-04-13'),
(690, 89, 51, NULL, '2026-04-02', '2026-06-10', NULL),
(691, 162, 260, NULL, '2026-04-02', '2026-05-28', NULL),
(692, 83, 32, NULL, '2026-04-02', '2026-05-15', NULL),
(693, 42, 131, NULL, '2026-04-02', '2026-04-19', NULL),
(694, 195, NULL, 'ERD-YEYXQ0JOL1', '2026-04-02', '2026-05-13', NULL),
(695, 69, NULL, 'LPT-YEYXQ8MYRS', '2026-04-02', '2026-05-05', NULL),
(696, 64, 215, NULL, '2026-04-02', '2026-05-26', NULL),
(697, 98, 34, NULL, '2026-04-02', '2026-04-30', NULL),
(698, 138, 334, NULL, '2026-04-02', '2026-04-14', NULL),
(699, 24, 274, NULL, '2026-04-03', '2026-05-20', '2026-04-12'),
(700, 72, 22, NULL, '2026-04-03', '2026-04-14', NULL),
(701, 122, 125, NULL, '2026-04-03', '2026-03-20', NULL),
(702, 146, 85, NULL, '2026-04-03', '2026-04-06', '2026-04-13'),
(703, 48, 34, NULL, '2026-04-03', '2026-04-19', NULL),
(704, 88, 367, NULL, '2026-04-04', '2026-04-15', NULL),
(705, 22, 331, NULL, '2026-04-04', '2026-05-02', '2026-04-13'),
(706, 68, 42, NULL, '2026-04-04', '2026-04-30', NULL),
(707, 17, 76, NULL, '2026-04-04', '2026-05-06', NULL),
(708, 158, 206, NULL, '2026-04-04', '2026-04-24', '2026-04-14'),
(709, 12, 507, NULL, '2026-04-05', '2026-04-21', NULL),
(710, 71, 301, NULL, '2026-04-05', '2026-04-28', NULL),
(711, 82, 189, NULL, '2026-04-05', '2026-04-03', NULL),
(712, 183, 251, NULL, '2026-04-05', '2026-05-03', NULL),
(713, 14, 63, NULL, '2026-04-05', '2026-06-01', NULL),
(714, 196, 132, NULL, '2026-04-06', '2026-05-04', NULL),
(715, 41, 104, NULL, '2026-04-06', '2026-04-17', NULL),
(716, 169, 444, NULL, '2026-04-06', '2026-05-02', NULL),
(717, 52, NULL, 'CHR-YEYX3PHC1H', '2026-04-06', '2026-05-29', NULL),
(718, 114, 472, NULL, '2026-04-06', '2026-05-25', NULL),
(719, 24, 178, NULL, '2026-04-07', '2026-05-03', NULL),
(720, 181, 403, NULL, '2026-04-07', '2026-04-22', NULL),
(721, 3, 356, NULL, '2026-04-07', '2026-05-01', NULL),
(722, 73, NULL, 'CHR-YEYXHBC3S7', '2026-04-08', '2026-04-09', NULL),
(723, 50, 27, NULL, '2026-04-08', '2026-04-24', NULL),
(724, 122, 98, NULL, '2026-04-08', '2026-05-16', NULL),
(725, 76, 455, NULL, '2026-04-08', '2026-05-16', NULL),
(726, 153, 469, NULL, '2026-04-08', '2026-04-15', NULL),
(727, 164, 295, NULL, '2026-04-09', '2026-04-12', NULL),
(728, 176, 158, NULL, '2026-04-09', '2026-03-17', NULL),
(729, 152, 58, NULL, '2026-04-09', '2026-04-10', NULL),
(730, 179, 368, NULL, '2026-04-09', '2026-04-25', '2026-04-09'),
(731, 125, 367, NULL, '2026-04-09', '2026-03-17', '2026-04-10'),
(732, 142, NULL, 'LPT-YEYXRA9CVW', '2026-04-10', '2026-05-09', NULL),
(733, 169, 346, NULL, '2026-04-10', '2026-04-11', NULL),
(734, 72, 478, NULL, '2026-04-11', '2026-05-07', NULL),
(735, 199, 412, NULL, '2026-04-11', '2026-05-26', NULL),
(736, 198, 187, NULL, '2026-04-11', '2026-04-17', NULL),
(737, 148, NULL, 'ERD-YEYXRR4HTU', '2026-04-11', '2026-04-23', NULL),
(738, 31, 405, NULL, '2026-04-11', '2026-04-28', NULL),
(739, 112, 22, NULL, '2026-04-13', '2026-04-11', NULL),
(740, 3, NULL, 'CHR-YEYXY3XTCG', '2026-04-13', '2026-05-04', NULL),
(741, 46, 322, NULL, '2026-04-13', '2026-05-09', '2026-04-14'),
(742, 45, 213, NULL, '2026-04-13', '2026-05-12', NULL),
(743, 151, 392, NULL, '2026-04-13', '2026-05-04', '2026-04-14'),
(744, 140, 162, NULL, '2026-04-13', '2026-04-17', NULL),
(745, 53, 193, NULL, '2026-04-14', '2026-05-11', NULL),
(746, 198, NULL, 'CHR-YEYXW1LLEF', '2026-04-14', '2026-04-18', NULL),
(747, 46, NULL, 'CHR-YEYXMTUT54', '2026-04-14', '2026-05-04', NULL),
(748, 41, 17, NULL, '2026-04-14', '2026-05-12', NULL),
(749, 60, 507, NULL, '2026-04-14', '2026-05-23', NULL),
(750, 80, 129, NULL, '2026-04-14', '2026-05-11', NULL);


-- fabricate-flush


INSERT INTO `PUBLISHERS` (`publisher_id`, `publisher_name`) VALUES
(1, 'Penguin Random House'),
(2, 'HarperCollins'),
(3, 'Simon & Schuster'),
(4, 'Hachette Book Group'),
(5, 'Macmillan Publishers'),
(6, 'Scholastic'),
(7, 'Bloomsbury Publishing'),
(8, 'Oxford University Press'),
(9, 'Cambridge University Press'),
(10, 'Faber & Faber'),
(11, 'Gill Books'),
(12, 'The O''Brien Press'),
(13, 'Mercier Press'),
(14, 'The Lilliput Press'),
(15, 'Houghton Mifflin Harcourt'),
(16, 'Pan Macmillan'),
(17, 'Vintage Books'),
(18, 'Picador'),
(19, 'Atlantic Books'),
(20, 'Profile Books'),
(21, 'Canongate Books'),
(22, 'Granta Books'),
(23, 'Fourth Estate'),
(24, 'Jonathan Cape'),
(25, 'Hodder & Stoughton'),
(26, 'Transworld Publishers'),
(27, 'Michael Joseph'),
(28, 'Headline Publishing'),
(29, 'Little, Brown and Company'),
(30, 'W. W. Norton & Company'),
(31, 'Chronicle Books'),
(32, 'Abrams Books'),
(33, 'DK Publishing'),
(34, 'Lonely Planet'),
(35, 'Osprey Publishing'),
(36, 'Wiley'),
(37, 'Springer Nature'),
(38, 'Elsevier'),
(39, 'Taylor & Francis'),
(40, 'SAGE Publications');


-- fabricate-flush


INSERT INTO `ROOMS` (`room_no`, `room_name`, `floor`) VALUES
('SR-G01', 'Quiet Study 1', 0),
('SR-G02', 'Quiet Study 2', 0),
('SR-101', 'Study Room A', 1),
('SR-102', 'Study Room B', 1),
('SR-201', 'Study Room C', 2),
('SR-202', 'Study Room D', 2),
('MR-101', 'Meeting Room 1', 1),
('MR-201', 'Meeting Room 2', 2),
('CL-G01', 'Computer Lab', 0),
('ER-101', 'Event Room', 1);


-- fabricate-flush


INSERT INTO `ROOM_RESERVATIONS` (`reservation_id`, `customer_id`, `room_no`, `res_start`, `res_end`) VALUES
(1, 30, 'MR-201', '2023-03-21', '2023-03-21'),
(2, 180, 'SR-201', '2023-03-22', '2023-03-22'),
(3, 14, 'SR-G01', '2023-03-27', '2023-03-27'),
(4, 13, 'MR-201', '2023-03-27', '2023-03-27'),
(5, 93, 'SR-102', '2023-04-04', '2023-04-04'),
(6, 140, 'MR-101', '2023-04-05', '2023-04-05'),
(7, 141, 'MR-201', '2023-04-14', '2023-04-14'),
(8, 144, 'CL-G01', '2023-04-14', '2023-04-14'),
(9, 184, 'SR-101', '2023-04-15', '2023-04-15'),
(10, 119, 'MR-101', '2023-04-15', '2023-04-17'),
(11, 103, 'SR-202', '2023-04-16', '2023-04-16'),
(12, 171, 'SR-202', '2023-04-18', '2023-04-21'),
(13, 124, 'ER-101', '2023-04-24', '2023-04-24'),
(14, 82, 'SR-201', '2023-04-24', '2023-04-24'),
(15, 22, 'SR-101', '2023-04-26', '2023-04-26'),
(16, 3, 'SR-102', '2023-04-28', '2023-04-28'),
(17, 38, 'SR-201', '2023-05-07', '2023-05-10'),
(18, 158, 'MR-201', '2023-05-14', '2023-05-14'),
(19, 98, 'ER-101', '2023-05-21', '2023-05-21'),
(20, 89, 'SR-G02', '2023-05-25', '2023-05-25'),
(21, 152, 'SR-202', '2023-05-28', '2023-05-31'),
(22, 25, 'SR-201', '2023-05-29', '2023-05-29'),
(23, 55, 'ER-101', '2023-06-03', '2023-06-03'),
(24, 10, 'SR-202', '2023-06-03', '2023-06-03'),
(25, 135, 'MR-201', '2023-06-07', '2023-06-07'),
(26, 80, 'CL-G01', '2023-06-07', '2023-06-07'),
(27, 123, 'SR-102', '2023-06-08', '2023-06-08'),
(28, 132, 'CL-G01', '2023-06-18', '2023-06-18'),
(29, 68, 'ER-101', '2023-06-19', '2023-06-19'),
(30, 160, 'SR-101', '2023-06-20', '2023-06-20'),
(31, 26, 'MR-201', '2023-06-22', '2023-06-22'),
(32, 191, 'SR-G02', '2023-06-25', '2023-06-25'),
(33, 55, 'SR-102', '2023-06-29', '2023-06-29'),
(34, 33, 'CL-G01', '2023-07-01', '2023-07-01'),
(35, 140, 'SR-G01', '2023-07-04', '2023-07-04'),
(36, 174, 'MR-201', '2023-07-10', '2023-07-10'),
(37, 64, 'CL-G01', '2023-07-11', '2023-07-11'),
(38, 156, 'SR-201', '2023-07-13', '2023-07-13'),
(39, 50, 'CL-G01', '2023-07-18', '2023-07-18'),
(40, 1, 'SR-G02', '2023-07-31', '2023-07-31'),
(41, 171, 'SR-202', '2023-08-06', '2023-08-06'),
(42, 195, 'SR-102', '2023-08-07', '2023-08-07'),
(43, 95, 'ER-101', '2023-08-15', '2023-08-15'),
(44, 8, 'SR-G01', '2023-08-27', '2023-08-27'),
(45, 103, 'SR-G02', '2023-08-31', '2023-08-31'),
(46, 31, 'MR-101', '2023-09-05', '2023-09-05'),
(47, 101, 'SR-G01', '2023-09-05', '2023-09-05'),
(48, 59, 'SR-G01', '2023-09-06', '2023-09-06'),
(49, 7, 'SR-202', '2023-09-06', '2023-09-06'),
(50, 32, 'SR-G01', '2023-09-14', '2023-09-16'),
(51, 159, 'MR-201', '2023-09-15', '2023-09-15'),
(52, 102, 'MR-101', '2023-09-20', '2023-09-20'),
(53, 58, 'SR-101', '2023-09-22', '2023-09-22'),
(54, 53, 'CL-G01', '2023-09-29', '2023-09-29'),
(55, 93, 'SR-102', '2023-10-02', '2023-10-02'),
(56, 70, 'SR-G02', '2023-10-10', '2023-10-10'),
(57, 170, 'MR-101', '2023-10-11', '2023-10-11'),
(58, 23, 'MR-201', '2023-10-17', '2023-10-17'),
(59, 9, 'SR-G01', '2023-10-18', '2023-10-18'),
(60, 106, 'SR-G02', '2023-10-19', '2023-10-19'),
(61, 60, 'CL-G01', '2023-10-22', '2023-10-22'),
(62, 194, 'SR-102', '2023-10-22', '2023-10-22'),
(63, 38, 'SR-101', '2023-10-23', '2023-10-23'),
(64, 18, 'SR-G02', '2023-10-23', '2023-10-23'),
(65, 173, 'MR-101', '2023-11-10', '2023-11-10'),
(66, 67, 'SR-202', '2023-11-11', '2023-11-11'),
(67, 30, 'SR-102', '2023-11-13', '2023-11-13'),
(68, 132, 'SR-201', '2023-11-17', '2023-11-17'),
(69, 100, 'MR-201', '2023-11-17', '2023-11-17'),
(70, 72, 'ER-101', '2023-11-18', '2023-11-18'),
(71, 18, 'SR-102', '2023-11-23', '2023-11-23'),
(72, 91, 'MR-201', '2023-11-24', '2023-11-24'),
(73, 172, 'MR-101', '2023-11-26', '2023-11-26'),
(74, 198, 'SR-101', '2023-11-27', '2023-11-27'),
(75, 174, 'SR-101', '2023-11-29', '2023-11-29'),
(76, 30, 'SR-101', '2023-12-05', '2023-12-05'),
(77, 40, 'SR-102', '2023-12-05', '2023-12-05'),
(78, 10, 'MR-201', '2023-12-09', '2023-12-09'),
(79, 85, 'SR-201', '2023-12-21', '2023-12-21'),
(80, 98, 'CL-G01', '2023-12-21', '2023-12-23'),
(81, 58, 'SR-201', '2023-12-22', '2023-12-22'),
(82, 153, 'SR-201', '2023-12-23', '2023-12-23'),
(83, 119, 'MR-101', '2024-01-04', '2024-01-04'),
(84, 174, 'MR-101', '2024-01-10', '2024-01-10'),
(85, 76, 'SR-102', '2024-01-13', '2024-01-13'),
(86, 105, 'SR-201', '2024-01-19', '2024-01-19'),
(87, 33, 'SR-G01', '2024-01-21', '2024-01-21'),
(88, 128, 'MR-201', '2024-01-22', '2024-01-22'),
(89, 171, 'SR-201', '2024-01-26', '2024-01-26'),
(90, 161, 'MR-201', '2024-02-06', '2024-02-06'),
(91, 184, 'MR-201', '2024-02-06', '2024-02-06'),
(92, 13, 'SR-G01', '2024-02-17', '2024-02-17'),
(93, 138, 'SR-G01', '2024-02-20', '2024-02-20'),
(94, 177, 'ER-101', '2024-02-26', '2024-02-28'),
(95, 17, 'SR-202', '2024-02-27', '2024-02-27'),
(96, 41, 'SR-102', '2024-02-28', '2024-02-28'),
(97, 74, 'CL-G01', '2024-02-29', '2024-02-29'),
(98, 129, 'SR-202', '2024-03-02', '2024-03-02'),
(99, 102, 'SR-101', '2024-03-04', '2024-03-04'),
(100, 19, 'SR-G02', '2024-03-10', '2024-03-12'),
(101, 9, 'ER-101', '2024-03-13', '2024-03-13'),
(102, 168, 'CL-G01', '2024-03-14', '2024-03-14'),
(103, 195, 'SR-G01', '2024-03-17', '2024-03-17'),
(104, 188, 'SR-G02', '2024-03-21', '2024-03-21'),
(105, 69, 'MR-101', '2024-03-23', '2024-03-23'),
(106, 98, 'SR-G01', '2024-03-24', '2024-03-24'),
(107, 56, 'ER-101', '2024-04-01', '2024-04-01'),
(108, 123, 'ER-101', '2024-04-06', '2024-04-06'),
(109, 119, 'SR-202', '2024-04-18', '2024-04-19'),
(110, 25, 'SR-202', '2024-04-19', '2024-04-19'),
(111, 161, 'MR-201', '2024-04-19', '2024-04-19'),
(112, 126, 'SR-102', '2024-04-24', '2024-04-24'),
(113, 103, 'SR-201', '2024-04-26', '2024-04-26'),
(114, 20, 'MR-101', '2024-04-30', '2024-04-30'),
(115, 35, 'SR-G01', '2024-05-02', '2024-05-02'),
(116, 4, 'SR-G02', '2024-05-03', '2024-05-03'),
(117, 191, 'MR-101', '2024-05-03', '2024-05-03'),
(118, 19, 'ER-101', '2024-05-04', '2024-05-04'),
(119, 181, 'SR-101', '2024-05-05', '2024-05-05'),
(120, 146, 'SR-101', '2024-05-06', '2024-05-06'),
(121, 83, 'ER-101', '2024-05-06', '2024-05-06'),
(122, 67, 'SR-102', '2024-05-10', '2024-05-10'),
(123, 139, 'SR-201', '2024-05-11', '2024-05-11'),
(124, 125, 'MR-101', '2024-05-16', '2024-05-16'),
(125, 171, 'ER-101', '2024-05-16', '2024-05-16'),
(126, 94, 'SR-G01', '2024-05-23', '2024-05-23'),
(127, 33, 'MR-201', '2024-05-24', '2024-05-24'),
(128, 54, 'CL-G01', '2024-05-24', '2024-05-25'),
(129, 84, 'SR-G01', '2024-06-02', '2024-06-02'),
(130, 6, 'SR-202', '2024-06-02', '2024-06-02'),
(131, 185, 'MR-101', '2024-06-09', '2024-06-09'),
(132, 74, 'SR-102', '2024-06-12', '2024-06-13'),
(133, 75, 'CL-G01', '2024-06-16', '2024-06-16'),
(134, 170, 'SR-201', '2024-06-17', '2024-06-17'),
(135, 146, 'ER-101', '2024-06-19', '2024-06-19'),
(136, 129, 'CL-G01', '2024-06-30', '2024-06-30'),
(137, 107, 'SR-G02', '2024-07-07', '2024-07-07'),
(138, 142, 'SR-G01', '2024-07-11', '2024-07-14'),
(139, 124, 'ER-101', '2024-07-15', '2024-07-15'),
(140, 151, 'SR-G01', '2024-07-16', '2024-07-18'),
(141, 162, 'ER-101', '2024-07-18', '2024-07-18'),
(142, 91, 'SR-202', '2024-07-24', '2024-07-24'),
(143, 130, 'SR-101', '2024-07-25', '2024-07-25'),
(144, 95, 'CL-G01', '2024-07-27', '2024-07-27'),
(145, 112, 'MR-101', '2024-07-31', '2024-07-31'),
(146, 191, 'SR-202', '2024-08-06', '2024-08-06'),
(147, 119, 'MR-101', '2024-08-12', '2024-08-12'),
(148, 153, 'CL-G01', '2024-08-14', '2024-08-14'),
(149, 130, 'SR-102', '2024-08-15', '2024-08-15'),
(150, 164, 'MR-201', '2024-08-18', '2024-08-18'),
(151, 69, 'MR-201', '2024-08-28', '2024-08-28'),
(152, 30, 'SR-G02', '2024-09-04', '2024-09-04'),
(153, 13, 'SR-201', '2024-09-11', '2024-09-11'),
(154, 140, 'SR-G01', '2024-09-11', '2024-09-11'),
(155, 193, 'ER-101', '2024-09-17', '2024-09-17'),
(156, 188, 'CL-G01', '2024-09-28', '2024-09-28'),
(157, 175, 'SR-G02', '2024-10-02', '2024-10-02'),
(158, 170, 'SR-G01', '2024-10-06', '2024-10-06'),
(159, 82, 'SR-G02', '2024-10-12', '2024-10-12'),
(160, 5, 'SR-102', '2024-10-14', '2024-10-14'),
(161, 32, 'SR-101', '2024-10-15', '2024-10-15'),
(162, 107, 'SR-101', '2024-10-17', '2024-10-17'),
(163, 28, 'SR-202', '2024-10-19', '2024-10-21'),
(164, 128, 'SR-201', '2024-10-25', '2024-10-25'),
(165, 140, 'SR-102', '2024-10-29', '2024-10-30'),
(166, 138, 'SR-202', '2024-10-30', '2024-10-30'),
(167, 41, 'SR-201', '2024-11-01', '2024-11-01'),
(168, 59, 'ER-101', '2024-11-19', '2024-11-19'),
(169, 8, 'SR-G01', '2024-11-26', '2024-11-26'),
(170, 70, 'SR-G02', '2024-11-28', '2024-11-29'),
(171, 93, 'SR-G01', '2024-11-28', '2024-11-28'),
(172, 138, 'MR-201', '2024-11-29', '2024-11-29'),
(173, 195, 'SR-202', '2024-12-03', '2024-12-03'),
(174, 40, 'SR-202', '2024-12-05', '2024-12-05'),
(175, 37, 'CL-G01', '2024-12-12', '2024-12-12'),
(176, 16, 'MR-201', '2024-12-12', '2024-12-12'),
(177, 3, 'SR-G02', '2024-12-13', '2024-12-13'),
(178, 157, 'SR-102', '2024-12-14', '2024-12-17'),
(179, 34, 'ER-101', '2024-12-15', '2024-12-15'),
(180, 145, 'CL-G01', '2024-12-16', '2024-12-16'),
(181, 92, 'ER-101', '2024-12-22', '2024-12-24'),
(182, 142, 'MR-201', '2024-12-26', '2024-12-27'),
(183, 74, 'SR-202', '2024-12-27', '2024-12-27'),
(184, 30, 'SR-202', '2025-01-04', '2025-01-04'),
(185, 153, 'SR-201', '2025-01-07', '2025-01-07'),
(186, 74, 'SR-102', '2025-01-11', '2025-01-12'),
(187, 182, 'SR-202', '2025-01-16', '2025-01-16'),
(188, 172, 'SR-202', '2025-01-16', '2025-01-16'),
(189, 95, 'ER-101', '2025-01-22', '2025-01-22'),
(190, 70, 'CL-G01', '2025-01-26', '2025-01-26'),
(191, 176, 'SR-101', '2025-01-28', '2025-01-28'),
(192, 179, 'MR-201', '2025-01-29', '2025-01-29'),
(193, 115, 'MR-201', '2025-01-31', '2025-01-31'),
(194, 46, 'ER-101', '2025-02-23', '2025-02-23'),
(195, 13, 'ER-101', '2025-02-26', '2025-02-26'),
(196, 3, 'SR-G02', '2025-03-05', '2025-03-05'),
(197, 1, 'ER-101', '2025-03-07', '2025-03-07'),
(198, 33, 'MR-201', '2025-03-08', '2025-03-08'),
(199, 82, 'MR-201', '2025-03-10', '2025-03-10'),
(200, 110, 'SR-G02', '2025-03-16', '2025-03-16');


-- fabricate-flush


INSERT INTO `STAFF_HR` (`staff_id`, `salary`, `staff_role`, `department_id`) VALUES
(1, 40724.72, 'IT Support', 2),
(2, 30359.76, 'Assistant', 4),
(3, 26012.49, 'Assistant', 5),
(4, 31739, 'Assistant', 4),
(5, 40849.43, 'Librarian', 5),
(6, 27362.42, 'Assistant', 10),
(7, 34128.74, 'Librarian', 3),
(8, 29002.67, 'Assistant', 4),
(9, 46328.48, 'IT Support', 10),
(10, 35660.24, 'Librarian', 6),
(11, 66002.53, 'Manager', 6),
(12, 28515.1, 'Assistant', 10),
(13, 33586.3, 'Librarian', 6),
(14, 56793.93, 'Senior Librarian', 4),
(15, 42083.35, 'Librarian', 10),
(16, 38509.46, 'Librarian', 4),
(17, 66109.4, 'Manager', 9),
(18, 53463.1, 'Senior Librarian', 6),
(19, 27551.12, 'Assistant', 7),
(20, 45360.75, 'Senior Librarian', 7),
(21, 55011.84, 'Senior Librarian', 5),
(22, 40636.62, 'Librarian', 4),
(23, 31568.85, 'Assistant', 9),
(24, 31784.91, 'Assistant', 6),
(25, 34839.24, 'Admin', 7),
(26, 47535.63, 'IT Support', 5),
(27, 44755.3, 'IT Support', 1),
(28, 58823.08, 'Senior Librarian', 8),
(29, 37003.87, 'Librarian', 1),
(30, 39071.52, 'IT Support', 8),
(31, 32916.69, 'Librarian', 3),
(32, 60307.21, 'Manager', 10),
(33, 55661.02, 'Senior Librarian', 7),
(34, 29917.13, 'Assistant', 7),
(35, 35632.69, 'Librarian', 3),
(36, 70309.46, 'Manager', 3),
(37, 48075.36, 'Senior Librarian', 9),
(38, 39459.87, 'Librarian', 2),
(39, 35899.98, 'Librarian', 2),
(40, 58432.75, 'Senior Librarian', 5),
(41, 45237.95, 'IT Support', 4),
(42, 34449.74, 'Librarian', 7),
(43, 47190.01, 'Senior Librarian', 1),
(44, 58574.72, 'Manager', 9),
(45, 37673.87, 'IT Support', 9),
(46, 29156.57, 'Assistant', 8),
(47, 58695.01, 'Senior Librarian', 9),
(48, 25828.71, 'Assistant', 2),
(49, 28208.63, 'Admin', 3),
(50, 26747.77, 'Assistant', 6);


-- fabricate-flush


INSERT INTO `STAFF_INFO` (`staff_id`, `f_name`, `l_name`, `ppsn`, `start_date`) VALUES
(1, 'Fearghal', 'Hogan', '8401807W', '2020-10-07'),
(2, 'Bronagh', 'McKenna', '8409272B', '2012-12-07'),
(3, 'Siobhan', 'Crowley', '6948028D', '2013-05-14'),
(4, 'Uilliam', 'McLoughlin', '1112065HC', '2022-12-25'),
(5, 'Imogen', 'Fox', '3066650C', '2008-10-14'),
(6, 'Gareth', 'Kane', '3618878HB', '2016-01-05'),
(7, 'Daithi', 'Hennessy', '2264586W', '2019-02-11'),
(8, 'Daniel', 'McMahon', '4318446HD', '2019-01-26'),
(9, 'Oscar', 'O''Keeffe', '5669819HD', '2021-03-19'),
(10, 'Conor', 'Campbell', '9910050HC', '2020-05-07'),
(11, 'Eimear', 'Flynn', '5567787T', '2008-01-25'),
(12, 'Ciarán', 'Brown', '7419984C', '2024-05-23'),
(13, 'Oliver', 'McLaughlin', '6741685HD', '2024-08-25'),
(14, 'Riona', 'Griffin', '4689947HC', '2018-09-06'),
(15, 'Noel', 'McDonagh', '8849227A', '2012-02-16'),
(16, 'Conal', 'Carroll', '3162268D', '2017-04-28'),
(17, 'Mairenn', 'Higgins', '7338060D', '2013-05-11'),
(18, 'Onora', 'Graham', '5484883W', '2021-02-08'),
(19, 'Tiernan', 'Boland', '8082130HA', '2019-08-17'),
(20, 'Rían', 'Conroy', '6508479D', '2024-05-14'),
(21, 'Ria', 'O''Connor', '7887632D', '2024-11-13'),
(22, 'Finn', 'Regan', '8031590W', '2021-01-27'),
(23, 'Gearóid', 'Reilly', '1051814T', '2019-12-24'),
(24, 'Fiachra', 'O''Connell', '7353619HA', '2005-09-24'),
(25, 'Emer', 'Harte', '1435138D', '2006-09-09'),
(26, 'Adam', 'Keogh', '1608639B', '2024-04-08'),
(27, 'Lúcás', 'Loughlin', '7172924HB', '2009-01-15'),
(28, 'Rory', 'Wilson', '8331244C', '2009-06-20'),
(29, 'Jack', 'Healy', '6473802HB', '2017-07-20'),
(30, 'Ruán', 'Burns', '5494995C', '2011-05-08'),
(31, 'Maebh', 'Browne', '8755195A', '2024-08-15'),
(32, 'Iarlaith', 'King', '1933485B', '2011-11-24'),
(33, 'Bebhinn', 'Farrell', '2814615HB', '2009-04-27'),
(34, 'Eithne', 'Roche', '6192168T', '2015-12-06'),
(35, 'Blaithin', 'Lynch', '4590268T', '2016-09-10'),
(36, 'Mabh', 'Doyle', '8675154HC', '2012-01-17'),
(37, 'Fionntán', 'Sweeney', '6237124B', '2023-02-20'),
(38, 'Seán', 'O''Callaghan', '8285395D', '2017-08-02'),
(39, 'James', 'Magee', '7244587B', '2019-04-06'),
(40, 'Saoirse', 'Donnelly', '6153704A', '2018-03-15'),
(41, 'Treasa', 'Johnston', '6524996W', '2007-11-18'),
(42, 'Niamh', 'O''Hara', '1914445W', '2020-05-03'),
(43, 'Fintan', 'Molloy', '8427111B', '2015-11-16'),
(44, 'Seamus', 'Manning', '4672189D', '2009-03-05'),
(45, 'Mairead', 'Donovan', '6539321B', '2010-03-23'),
(46, 'Ryan', 'Kenny', '4097229HA', '2012-06-26'),
(47, 'Mark', 'Hayes', '9811280D', '2006-06-09'),
(48, 'Patricia', 'Kelly', '9248916T', '2020-08-20'),
(49, 'Tiernan', 'McGuire', '5260271A', '2011-10-05'),
(50, 'Ben', 'Scanlon', '7518660A', '2008-01-05');


-- fabricate-flush


INSERT INTO `STATUSES` (`status_id`, `status_desc`) VALUES
(1, 'Available'),
(2, 'On Loan'),
(3, 'Reserved'),
(4, 'Lost'),
(5, 'Damaged'),
(6, 'In Repair');


-- fabricate-flush


INSERT INTO `SUPPLIERS` (`supplier_id`, `supplier_name`, `contact_person`, `address`, `phone_no`, `email`) VALUES
(1, 'Eason Wholesale', 'Slobodan Teuira', '53 Dublin Business Park, Dublin', '+353 46586762', 'slobodan.teuira@easonwholesale.com'),
(2, 'Argosy Libraries', 'Ramlati Qassem', '63 Dublin Business Park, Dublin', '+353 79975215', 'ramlati.qassem@argosylibraries.com'),
(3, 'International Education Services', 'Rebecca San', '53 Dublin Business Park, Dublin', '+353 40243465', 'rebecca.san@internationaled.com'),
(4, 'Gardners Books', 'Asunción Vanterpool', '31 Eastbourne Business Park, Eastbourne', '+353 19689130', 'asunción.vanterpool@gardnersbooks.com'),
(5, 'Bertrams Books', 'Rosália Perez', '97 Norwich Business Park, Norwich', '+353 68586077', 'rosália.perez@bertramsbooks.com'),
(6, 'BookSource', 'Mbalenhle Rivera', '138 Glasgow Business Park, Glasgow', '+353 28208478', 'mbalenhle.rivera@booksource.com'),
(7, 'Central Books', 'Cristian Granlund', '3 London Business Park, London', '+353 17561633', 'cristian.granlund@centralbooks.com'),
(8, 'Ingram Book Group', 'Isabelle Sabri', '27 Cork Business Park, Cork', '+353 67642695', 'isabelle.sabri@ingrambookgroup.com'),
(9, 'Library Services Centre', 'Mariela Fleming', '27 Galway Business Park, Galway', '+353 55269950', 'mariela.fleming@libraryservices.com'),
(10, 'Peters Bookselling', 'Claudette Le Chanu', '29 Birmingham Business Park, Birmingham', '+353 62222572', 'claudette.le chanu@petersbookselli.com'),
(11, 'Askews & Holts', 'Keisha Robertson', '22 Preston Business Park, Preston', '+353 50193814', 'keisha.robertson@askewsholts.com'),
(12, 'Browns Books for Students', 'Ramzi Sadawi', '23 Hull Business Park, Hull', '+353 51872204', 'ramzi.sadawi@brownsbooksfors.com'),
(13, 'SupplyTech Solutions', 'Luis Goodwin', '85 Dublin Business Park, Dublin', '+353 81204239', 'luis.goodwin@supplytechsolut.com'),
(14, 'Celtic Office Supplies', 'Mohamed Phommachanh', '96 Limerick Business Park, Limerick', '+353 64508921', 'mohamed.phommachanh@celticofficesup.com'),
(15, 'Dell Technologies Ireland', 'Malik Simon', '79 Cork Business Park, Cork', '+353 95352086', 'malik.simon@delltechnologie.com'),
(16, 'Komplett.ie', 'Yasser Walters', '70 Dublin Business Park, Dublin', '+353 78111574', 'yasser.walters@komplettie.com'),
(17, 'Elara Digital Systems', 'Chun Jarrett', '55 Waterford Business Park, Waterford', '+353 59577930', 'chun.jarrett@elaradigitalsys.com'),
(18, 'Meridian IT Solutions', 'Yahya Cáceres', '39 Belfast Business Park, Belfast', '+353 74427549', 'yahya.cáceres@meridianitsolut.com'),
(19, 'TechDirect Ireland', 'Kalsoom Pena', '15 Kilkenny Business Park, Kilkenny', '+353 33289916', 'kalsoom.pena@techdirectirela.com'),
(20, 'BookNet Distributors', 'Ricarda Mroivili', '5 Wexford Business Park, Wexford', '+353 91997348', 'ricarda.mroivili@booknetdistribu.com');


-- fabricate-flush


INSERT INTO `WAITLIST` (`waitlist_id`, `customer_id`, `isbn`, `request_date`) VALUES
(1, 114, '9781000000106', '2026-01-01'),
(2, 45, '9781000000115', '2026-01-02'),
(3, 76, '9781000000041', '2026-01-02'),
(4, 33, '9781000000029', '2026-01-02'),
(5, 173, '9781000000014', '2026-01-03'),
(6, 63, '9781000000021', '2026-01-04'),
(7, 152, '9781000000067', '2026-01-06'),
(8, 185, '9781000000093', '2026-01-07'),
(9, 46, '9781000000023', '2026-01-07'),
(10, 32, '9781000000112', '2026-01-08'),
(11, 193, '9781000000102', '2026-01-10'),
(12, 178, '9781000000093', '2026-01-10'),
(13, 59, '9781000000093', '2026-01-10'),
(14, 21, '9781000000022', '2026-01-11'),
(15, 107, '9781000000134', '2026-01-11'),
(16, 162, '9781000000087', '2026-01-12'),
(17, 166, '9781000000067', '2026-01-13'),
(18, 170, '9781000000113', '2026-01-13'),
(19, 140, '9781000000064', '2026-01-14'),
(20, 115, '9781000000106', '2026-01-14'),
(21, 192, '9781000000008', '2026-01-15'),
(22, 84, '9781000000087', '2026-01-16'),
(23, 130, '9781000000106', '2026-01-17'),
(24, 183, '9781000000093', '2026-01-17'),
(25, 26, '9781000000112', '2026-01-18'),
(26, 79, '9781000000034', '2026-01-18'),
(27, 98, '9781000000034', '2026-01-19'),
(28, 52, '9781000000067', '2026-01-21'),
(29, 62, '9781000000115', '2026-01-21'),
(30, 64, '9781000000071', '2026-01-23'),
(31, 144, '9781000000022', '2026-01-24'),
(32, 196, '9781000000132', '2026-01-25'),
(33, 52, '9781000000102', '2026-01-29'),
(34, 188, '9781000000035', '2026-01-29'),
(35, 42, '9781000000029', '2026-01-30'),
(36, 54, '9781000000093', '2026-01-31'),
(37, 67, '9781000000023', '2026-02-03'),
(38, 132, '9781000000134', '2026-02-04'),
(39, 186, '9781000000028', '2026-02-07'),
(40, 197, '9781000000134', '2026-02-08'),
(41, 112, '9781000000132', '2026-02-09'),
(42, 167, '9781000000014', '2026-02-11'),
(43, 123, '9781000000014', '2026-02-11'),
(44, 166, '9781000000132', '2026-02-11'),
(45, 167, '9781000000132', '2026-02-12'),
(46, 154, '9781000000105', '2026-02-13'),
(47, 102, '9781000000078', '2026-02-13'),
(48, 26, '9781000000078', '2026-02-13'),
(49, 143, '9781000000106', '2026-02-14'),
(50, 173, '9781000000078', '2026-02-15'),
(51, 101, '9781000000035', '2026-02-17'),
(52, 132, '9781000000093', '2026-02-18'),
(53, 176, '9781000000053', '2026-02-19'),
(54, 10, '9781000000105', '2026-02-20'),
(55, 198, '9781000000028', '2026-02-21'),
(56, 172, '9781000000041', '2026-02-21'),
(57, 133, '9781000000071', '2026-02-22'),
(58, 104, '9781000000022', '2026-02-22'),
(59, 139, '9781000000113', '2026-02-24'),
(60, 189, '9781000000134', '2026-02-24'),
(61, 99, '9781000000056', '2026-02-25'),
(62, 78, '9781000000008', '2026-02-25'),
(63, 114, '9781000000105', '2026-02-26'),
(64, 57, '9781000000132', '2026-03-02'),
(65, 7, '9781000000093', '2026-03-04'),
(66, 178, '9781000000071', '2026-03-07'),
(67, 106, '9781000000141', '2026-03-08'),
(68, 2, '9781000000035', '2026-03-09'),
(69, 27, '9781000000087', '2026-03-10'),
(70, 129, '9781000000141', '2026-03-10'),
(71, 178, '9781000000105', '2026-03-11'),
(72, 193, '9781000000056', '2026-03-11'),
(73, 39, '9781000000053', '2026-03-12'),
(74, 57, '9781000000113', '2026-03-12'),
(75, 16, '9781000000022', '2026-03-14'),
(76, 22, '9781000000105', '2026-03-15'),
(77, 139, '9781000000106', '2026-03-15'),
(78, 14, '9781000000087', '2026-03-15'),
(79, 24, '9781000000115', '2026-03-15'),
(80, 155, '9781000000035', '2026-03-16'),
(81, 31, '9781000000115', '2026-03-18'),
(82, 14, '9781000000093', '2026-03-20'),
(83, 50, '9781000000102', '2026-03-21'),
(84, 21, '9781000000035', '2026-03-22'),
(85, 148, '9781000000021', '2026-03-24'),
(86, 105, '9781000000067', '2026-03-26'),
(87, 123, '9781000000029', '2026-03-28'),
(88, 187, '9781000000028', '2026-03-29'),
(89, 83, '9781000000132', '2026-03-30'),
(90, 119, '9781000000056', '2026-03-30'),
(91, 93, '9781000000071', '2026-03-31'),
(92, 54, '9781000000014', '2026-04-01'),
(93, 54, '9781000000053', '2026-04-03'),
(94, 102, '9781000000105', '2026-04-03'),
(95, 20, '9781000000023', '2026-04-05'),
(96, 70, '9781000000106', '2026-04-06'),
(97, 183, '9781000000022', '2026-04-08'),
(98, 59, '9781000000022', '2026-04-10'),
(99, 123, '9781000000035', '2026-04-12'),
(100, 199, '9781000000021', '2026-04-13');


-- fabricate-flush


SET FOREIGN_KEY_CHECKS = 1;
